{ "CORE":[
        {
            "MSG":"绝对布局",
            "NAME":"do_ALayout",
            "TYPE":"CORE"
        },{
            "MSG":"动画组合",
            "NAME":"do_Animation",
            "TYPE":"CORE"
        },{
            "MSG":"应用类",
            "NAME":"do_App",
            "TYPE":"CORE"
        },{
            "MSG":"应用全局类",
            "NAME":"do_Global",
            "TYPE":"CORE" 
        },{
            "MSG":"线性布局",
            "NAME":"do_LinearLayout",
            "TYPE":"CORE" 
        },{
            "MSG":"页面",
            "NAME":"do_Page",
            "TYPE":"CORE"
        },{
            "MSG":"文件管理类",
            "NAME":"do_Storage",
            "TYPE":"CORE"
        },{
            "MSG":"网页",
            "NAME":"do_WebView",
            "TYPE":"CORE"
        }
    ],
    "SM":[
        {
            "MSG":"辅助按钮",
            "NAME":"do_AssistiveTouch",
            "TYPE":"SM" 
        },{
            "MSG":"相册",
            "NAME":"do_Album",
            "TYPE":"SM" 
        },{
            "MSG":"Apple应用内支付",
            "NAME":"do_AppleIAP",
            "TYPE":"SM" 
        },{
            "MSG":"常用算法",
            "NAME":"do_Algorithm",
            "TYPE":"SM" 
        },{
            "MSG":"支付宝支付",
            "NAME":"do_Alipay",
            "TYPE":"SM" 
        },{
            "MSG":"音频播放",
            "NAME":"do_Audio",
            "TYPE":"SM"
        },{
            "MSG":"定位服务",
            "NAME":"do_BaiduLocation",
            "TYPE":"SM"
        },{
            "MSG":"百度推送",
            "NAME":"do_BaiduPush",
            "TYPE":"SM"
        },{
            "MSG":"通讯录",
            "NAME":"do_Contact",
            "TYPE":"SM"
        },{
            "MSG":"照相",
            "NAME":"do_Camera",
            "TYPE":"SM"
        },{
            "MSG":"日期,时间选择控件",
            "NAME":"do_DateTimePicker",
            "TYPE":"SM"
        },{
            "MSG":"数据缓存",
            "NAME":"do_DataCache",
            "TYPE":"SM"
        },{
            "MSG":"设备",
            "NAME":"do_Device",
            "TYPE":"SM"
        },{
            "MSG":"启动外部应用",
            "NAME":"do_External",
            "TYPE":"SM"
        },{
            "MSG":"环信IM",
            "NAME":"do_HuanXinIM",
            "TYPE":"SM"
        },{
            "MSG":"讯飞语音",
            "NAME":"do_iFlyVoice",
            "TYPE":"SM"
        },{
            "MSG":"图片预览",
            "NAME":"do_ImageBrowser",
            "TYPE":"SM"
        },{
            "MSG":"网络状态类",
            "NAME":"do_Network",
            "TYPE":"SM" 
        },{
            "MSG":"通知类",
            "NAME":"do_Notification",
            "TYPE":"SM"
        },{
            "MSG":"SangforVPN",
            "NAME":"do_SangforVPN",
            "TYPE":"SM"
        },{
            "MSG":"新浪Sina",
            "NAME":"do_Sina",
            "TYPE":"SM"
        },{
            "MSG":"QQ",
            "NAME":"do_QQ",
            "TYPE":"SM"
        },{
            "MSG":"友盟分析统计",
            "NAME":"do_UMengAnalytics",
            "TYPE":"SM"
        },{
            "MSG":"微信",
            "NAME":"do_TencentWX",
            "TYPE":"SM"
        }
    ],
    "MM":[
        {
            "MSG":"属性动画组合",
            "NAME":"do_Animator",
            "TYPE":"MM"
        },{
            "MSG":"蓝牙",
            "NAME":"do_Bluetooth",
            "TYPE":"MM"
        },{
            "MSG":"hash数据源",
            "NAME":"do_HashData",
            "TYPE":"MM"
        },{
            "MSG":"http(s)请求服务",
            "NAME":"do_Http",
            "TYPE":"MM"
        },{
            "MSG":"列表数据源",
            "NAME":"do_ListData",
            "TYPE":"MM"
        },{
            "MSG":"Socket请求",
            "NAME":"do_Socket",
            "TYPE":"MM"
        },{
            "MSG":"SQLite3数据库",
            "NAME":"do_SQLite",
            "TYPE":"MM"
        },{
            "MSG":"定时器",
            "NAME":"do_Timer",
            "TYPE":"MM"
        },{
            "MSG":"MM基类",
            "NAME":"do_MM",
            "TYPE":"MM"
        }
    ],
    "UI":[
    	{
            "MSG":"百度地图",
            "NAME":"do_BaiduMapView",
            "TYPE":"UI"
        },{
            "MSG":"二维码扫描",
            "NAME":"do_BarcodeView",
            "TYPE":"UI"
        },{
            "MSG":"按钮控件",
            "NAME":"do_Button",
            "TYPE":"UI"
        },{
            "MSG":"复选框",
            "NAME":"do_CheckBox",
            "TYPE":"UI"
        },{
            "MSG":"组合框控件",
            "NAME":"do_ComboBox",
            "TYPE":"UI"
        },{
            "MSG":"List分组视图",
            "NAME":"do_ExpandableListView",
            "TYPE":"UI"
        },{
            "MSG":"多页面滑动视图",
            "NAME":"do_FragmentView",
            "TYPE":"UI"
        },{
            "MSG":"帧动画视图",
            "NAME":"do_FrameAnimationView",
            "TYPE":"UI"
        },{
            "MSG":"Grid视图",
            "NAME":"do_GridView",
            "TYPE":"UI"
        },{
            "MSG":"图片控件",
            "NAME":"do_ImageView",
            "TYPE":"UI"
        },{
            "MSG":"带索引的ListView",
            "NAME":"do_IndexListView",
            "TYPE":"UI"
        },{
            "MSG":"标签框",
            "NAME":"do_Label",
            "TYPE":"UI"
        },{
            "MSG":"List视图",
            "NAME":"do_ListView",
            "TYPE":"UI"
        },{
            "MSG":"跑马灯label",
            "NAME":"do_MarqueeLabel",
            "TYPE":"UI"
        },{
            "MSG":"多选框控件",
            "NAME":"do_MultiSelectComboBox",
            "TYPE":"UI"
        },{
            "MSG":"单选控件控件",
            "NAME":"do_Picker",
            "TYPE":"UI"
        },{
            "MSG":"进度条",
            "NAME":"do_ProgressBar",
            "TYPE":"UI"
        },{
            "MSG":"进度条1",
            "NAME":"do_ProgressBar1",
            "TYPE":"UI"
        },{
            "MSG":"进度条2",
            "NAME":"do_ProgressBar2",
            "TYPE":"UI"
        },{
            "MSG":"滚动视图",
            "NAME":"do_ScrollView",
            "TYPE":"UI"
        },{
            "MSG":"富文本框",
            "NAME":"do_RichLabel",
            "TYPE":"UI"
        },{
            "MSG":"滑动视图",
            "NAME":"do_SegmentView",
            "TYPE":"UI"
        },{
            "MSG":"左右滑动List视图",
            "NAME":"do_SlideListView",
            "TYPE":"UI"
        },{
            "MSG":"滑动视图",
            "NAME":"do_SlideView",
            "TYPE":"UI"
        },{
            "MSG":"开关",
            "NAME":"do_SwitchView",
            "TYPE":"UI" 
        },{
            "MSG":"多行文本编辑框",
            "NAME":"do_TextBox",
            "TYPE":"UI"
        },{
            "MSG":"单行文本编辑框",
            "NAME":"do_TextField",
            "TYPE":"UI" 
        },{
            "MSG":"纵向滑动视图",
            "NAME":"do_VerticalSlideView",
            "TYPE":"UI" 
        },{
            "MSG":"过场动画效果",
            "NAME":"do_ViewShower",
            "TYPE":"UI"
        },{
            "MSG":"视频播放",
            "NAME":"do_VideoPlayer",
            "TYPE":"UI"
        },{
            "MSG":"UI基类",
            "NAME":"do_UI",
            "TYPE":"UI"
        }
    ],
    "OTHERS":[
        {
            "MSG":"字体测试",
            "NAME":"do_FontTest",
            "TYPE":"OTHERS"
        },{
            "MSG":"事件穿透点击测试",
            "NAME":"do_TouchEvent",
            "TYPE":"OTHERS" 
        },{
            "MSG":"webView内存测试",
            "NAME":"webview",
            "TYPE":"OTHERS" 
        },{
            "MSG":"SlideView的cache测试",
            "NAME":"cache",
            "TYPE":"OTHERS" 
        },{
            "MSG":"ImageView的scaleType",
            "NAME":"scale",
            "TYPE":"OTHERS" 
        },{
            "MSG":"app的update测试",
            "NAME":"update",
            "TYPE":"OTHERS" 
        },{
            "MSG":"single包加密测试",
            "NAME":"encode",
            "TYPE":"OTHERS" 
        }
    ]
}