﻿{
  "ID": "do_AppleIAP",
  "IsContainer": "0",
  "Type": "SM",
  "Name": "Apple应用内支付",
  "Version": "Internal",
  "Description": "用户通过传入商品ID，数量可以调起Apple支付界面，同时支持商品重复购买更新",
  "Icon": "",
  "IOS": {
    "Support": 1,
    "MinVersion": "7.0"
  },
  "Android": {
    "Support": 0,
    "MinVersion": ""
  },
  "Windows": {
    "Support": 0,
    "MinVersion": ""
  },
  "WindowsPhone": {
    "Support": 0,
    "MinVersion": ""
  },
  "Html": {
    "Support": 1,
    "MinVersion": "5.0"
  },
  "Properties": [],
  "Events": [],
  "syncMethodes": [
    {
      "ID": "restoreProduct",
      "Name": "恢复购买",
      "Description": "刷新产品购买状态，在不同设备上用同一账户购买过，调用该方法可以恢复成已购买状态；或购买后将应用卸载，重新安装后可恢复已购买状态",
      "ReturnType": "",
      "ReturnDesc": "",
      "Paras": []
    }
  ],
  "asyncMethodes": [
    {
      "ID": "purchase",
      "Name": "购买商品",
      "Description": "用户",
      "ReturnType": "String",
      "ReturnDesc": "得到苹果返回的一个收据(receipt)，如果用verifyURL中两个枚举值之一作为验证，购买成功后会返回收据；若自己搭建service需将得到的receipt用http的post去请求https://buy.itunes.apple.com/verifyReceipt以校验是否购买成功",
      "Paras": [
        {
          "ID": "productID",
          "Name": "产品ID",
          "Type": "String",
          "Required": 1,
          "DefaultValue": "",
          "Description": "对应iTunes Connect中配置的“产品ID“"
        },
        {
          "ID": "verifyURL",
          "Name": "实际购买验证URL",
          "Type": "String",
          "Required": 0,
          "DefaultValue": "",
          "Description": "App Store上实际购买验证URL，是一个枚举值，开发测试用https://sandbox.itunes.apple.com/verifyReceipt。发布版用https://buy.itunes.apple.com/verifyReceipt,实际的项目中使用发布版，开发测试是用于调试测试。如果不填，就需要自己搭建server端去验证；苹果官方建议自己搭建service"
        }
      ]
    }
  ]
}