﻿{
  "ID": "do_AssistiveTouch",
  "IsContainer": "0",
  "Type": "SM",
  "Name": "辅助按钮",
  "Version": "Internal",
  "Description": "可用于模拟类似iOS设备的AssistiveTouch按钮，支持自定义样式和大小；android平台需要通过订阅page组件的pause和result事件来控制组件的显示和隐藏",
  "Icon": "",
  "IOS": {
    "Support": 1,
    "MinVersion": "7.0"
  },
  "Android": {
    "Support": 1,
    "MinVersion": "4.0"
  },
  "Windows": {
    "Support": 1,
    "MinVersion": "8.1"
  },
  "WindowsPhone": {
    "Support": 1,
    "MinVersion": "8.1"
  },
  "Html": {
    "Support": 1,
    "MinVersion": "5.0"
  },
  "Properties": [],
  "Events": [
    {
      "ID": "touch",
      "Description": "点击view触发",
      "ReturnType": "String",
      "ReturnDesc": ""
    }
  ],
  "syncMethodes": [
    {
      "ID": "hideView",
      "Name": "隐藏辅助按钮",
      "Description": "",
      "ReturnType": "",
      "ReturnDesc": "",
      "Paras": []
    },
    {
      "ID": "showView",
      "Name": "显示辅助按钮",
      "Description": "可设置view的样式、位置和是否移动",
      "ReturnType": "",
      "ReturnDesc": "",
      "Paras": [
        {
          "ID": "location",
          "Name": "view初始的位置",
          "Type": "String",
          "Required": 1,
          "DefaultValue": "",
          "Description": "x,y，中间用逗号隔开"
        },
        {
          "ID": "image",
          "Name": "view的展示图片",
          "Type": "String",
          "Required": 1,
          "DefaultValue": "",
          "Description": "图片地址，支持source://、data://路径"
        },
        {
          "ID": "isMove",
          "Name": "是否支持移动",
          "Type": "Bool",
          "Required": 0,
          "DefaultValue": "true",
          "Description": "view是否支持移动，缺省支持"
        }
      ]
    }
  ],
  "asyncMethodes": []
}