﻿{
  "ID": "do_BarcodeView",
  "IsContainer": "0",
  "Type": "UI",
  "Name": "二维码扫描视图",
  "Version": "Internal",
  "Description": "能设置view的基本属性，宽高等，扫描狂内有矩形校正区域，扫描时有简单的动画显示，支持普通的一维码、二维码（包括QR码、DM码和HX码）并获取内容",
  "Icon": "https://deviceone.blob.core.chinacloudapi.cn/store/R/20150617/5b75a2a6-66d8-4189-a9a2-850c4f6544f4.png",
  "IOS": {
    "Support": 1,
    "MinVersion": "7.0"
  },
  "Android": {
    "Support": 1,
    "MinVersion": "4.0"
  },
  "Windows": {
    "Support": 1,
    "MinVersion": "8.1"
  },
  "WindowsPhone": {
    "Support": 1,
    "MinVersion": "8.1"
  },
  "Html": {
    "Support": 1,
    "MinVersion": "5.0"
  },
  "Properties": [
    {
      "ID": "scanArea",
      "Name": "扫描的区域",
      "Type": "String",
      "DefaultValue": "",
      "EditType": "0",
      "Group": "",
      "Description": "设置扫描区域的位置和宽高，x,y,width,height，中间用逗号隔开；扫描区域默认居中，宽高为 200；扫描区域不建议设置超出组件本身宽高和范围",
      "Design": {
        "Type": "Richtext",
        "Data": []
      }
    }
  ],
  "Events": [],
  "syncMethodes": [],
  "asyncMethodes": [
    {
      "ID": "start",
      "Name": "启动扫描",
      "Description": "条形码扫描框第1次加载时，默认启动扫描，在扫描成功时会自动停止，需要再次调用该方法启用扫描功能",
      "ReturnType": "Node",
      "ReturnDesc": "扫描成功回调会返回一个JSON数据参数给onscaned对应的回调函数，node格式：{code:'',value:''}",
      "Paras": []
    }
  ]
}