﻿{
  "ID": "do_Contact",
  "IsContainer": "0",
  "Type": "SM",
  "Name": "通讯录",
  "Version": "Internal",
  "Description": "针对通讯录的增删查改",
  "Icon": "",
  "IOS": {
    "Support": 0,
    "MinVersion": ""
  },
  "Android": {
    "Support": 1,
    "MinVersion": "4.0"
  },
  "Windows": {
    "Support": 0,
    "MinVersion": ""
  },
  "WindowsPhone": {
    "Support": 0,
    "MinVersion": ""
  },
  "Html": {
    "Support": 1,
    "MinVersion": "5.0"
  },
  "Properties": [],
  "Events": [],
  "syncMethodes": [],
  "asyncMethodes": [
    {
      "ID": "addData",
      "Name": "添加联系人信息",
      "Description": "",
      "ReturnType": "Node",
      "ReturnDesc": "返回添加一组联系人的唯一标识",
      "Paras": [
        {
          "ID": "paras",
          "Name": "参数值",
          "Type": "Node",
          "Required": 1,
          "DefaultValue": "",
          "Description": "如：[{'name':'张三','phone':'13922864549','email':'xxx@deviceone.com'}]，目前支持的字段名称有：name(姓名)，phone(电话)，email(邮箱)"
        }
      ]
    },
    {
      "ID": "deleteData",
      "Name": "删除联系人信息",
      "Description": "",
      "ReturnType": "Bool",
      "ReturnDesc": "true：成功，false：失败",
      "Paras": [
        {
          "ID": "ids",
          "Name": "联系人的唯一标识数组",
          "Type": "Node",
          "Required": 0,
          "DefaultValue": "",
          "Description": "如果值为空(不是空数组)，就删除所有，否则就按照数组中的唯一标识依次删除"
        }
      ]
    },
    {
      "ID": "getData",
      "Name": "获取通讯录联系人信息",
      "Description": "根据name，phone，email的值来查询通讯录联系人信息，如果参数value为空，就获取所有联系人信息，支持模糊查询",
      "ReturnType": "Node",
      "ReturnDesc": "根据参数值，返回查询的联系人信息列表，[{'id':'1001','name':'','phone':['phone1','phone2'...],'email':['email1','email2'...]},{'id':'1002','name':'','phone':['phone1','phone2'...],'email':['email1','email2'...]}...]",
      "Paras": [
        {
          "ID": "value",
          "Name": "参数值",
          "Type": "String",
          "Required": 0,
          "DefaultValue": "",
          "Description": "根据条件来模糊查询，目前支持的字段名称有：name(姓名)，phone(电话)，email(电子邮件)"
        },
        {
          "ID": "types",
          "Name": "参数类型值",
          "Type": "Node",
          "Required": 0,
          "DefaultValue": "",
          "Description": "支持['name','phone','email']，如果参数为空则按全条件查询"
        }
      ]
    },
    {
      "ID": "getDataById",
      "Name": "获取通讯录联系人信息",
      "Description": "根据id获取通讯录联系人信息",
      "ReturnType": "Node",
      "ReturnDesc": "根据联系人id查询的联系人信息，{'id':'1001','name':'','phone':['phone1','phone2'...],'email':['email1','email2'...]}",
      "Paras": [
        {
          "ID": "id",
          "Name": "参数值",
          "Type": "Node",
          "Required": 1,
          "DefaultValue": "",
          "Description": ""
        }
      ]
    },
    {
      "ID": "updateData",
      "Name": "修改联系人信息",
      "Description": "",
      "ReturnType": "Bool",
      "ReturnDesc": "true：成功，false：失败",
      "Paras": [
        {
          "ID": "id",
          "Name": "唯一标识",
          "Type": "String",
          "Required": 1,
          "DefaultValue": "",
          "Description": "要修改联系人的唯一标识"
        },
        {
          "ID": "paras",
          "Name": "参数值",
          "Type": "Node",
          "Required": 1,
          "DefaultValue": "",
          "Description": "如：{'name':'张三','phone':'13922864549','email':'xxx@deviceone.com'}，目前支持的字段名称有：name(姓名)，phone(电话)，email(邮箱)"
        }
      ]
    }
  ]
}