﻿{
  "ID": "do_ListData",
  "IsContainer": "0",
  "Type": "MM",
  "Name": "列表数据源",
  "Version": "Internal",
  "Description": "ListData作为一个内存数据源，可以给UIModule作为bind的数据源。可以参考UIModule的bind方法。也可以作为ListView，GridView的数据集。它本质上是一个可变数组，可以增删改查。",
  "Icon": "https://deviceone.blob.core.chinacloudapi.cn/store/R/20150723/0e69c53f-091a-4d5a-bcb8-83453c25c7c8.png",
  "IOS": {
    "Support": 1,
    "MinVersion": "iOS 7.0"
  },
  "Android": {
    "Support": 1,
    "MinVersion": "4.0"
  },
  "Windows": {
    "Support": 1,
    "MinVersion": "8.1"
  },
  "WindowsPhone": {
    "Support": 1,
    "MinVersion": "8.1"
  },
  "Html": {
    "Support": 1,
    "MinVersion": "5.0"
  },
  "Properties": [],
  "Events": [],
  "syncMethodes": [
    {
      "ID": "addData",
      "Name": "增加数据",
      "Description": "在list的最后增加一条或多条数据",
      "ReturnType": "",
      "ReturnDesc": "",
      "Paras": [
        {
          "ID": "data",
          "Name": "",
          "Type": "Node",
          "Required": 1,
          "DefaultValue": "",
          "Description": "要插入的数据"
        },
        {
          "ID": "index",
          "Name": "",
          "Type": "Node",
          "Required": 0,
          "DefaultValue": "",
          "Description": "表示要添加的位置，从0开始; 如果 index参数为空或者越界, 就添加到数组最后面"
        }
      ]
    },
    {
      "ID": "addOne",
      "Name": "插入一条数据",
      "Description": "在list增加一条数据，index是可选参数，表示要添加的位置，从0开始; 如果 index参数为空或者越界, 就添加到数组最后面",
      "ReturnType": "",
      "ReturnDesc": "",
      "Paras": [
        {
          "ID": "data",
          "Name": "一条数据",
          "Type": "String",
          "Required": 1,
          "DefaultValue": "",
          "Description": ""
        },
        {
          "ID": "index",
          "Name": "",
          "Type": "Number",
          "Required": 0,
          "DefaultValue": "",
          "Description": ""
        }
      ]
    },
    {
      "ID": "getCount",
      "Name": "获取元素个数",
      "Description": "",
      "ReturnType": "Number",
      "ReturnDesc": "元素个数",
      "Paras": []
    },
    {
      "ID": "getData",
      "Name": "获取多条数据",
      "Description": "indexs数组中的每一个值表示要读取的索引位置，从0开始;可以用-1表示数组的最后一个元素（如果数组为空则返回null）；其它越界的索引位置都返回null",
      "ReturnType": "",
      "ReturnDesc": "",
      "Paras": [
        {
          "ID": "indexs",
          "Name": "行数",
          "Type": "Node",
          "Required": 1,
          "DefaultValue": "",
          "Description": "表示需要得到的索引队列;如[ 0,2,3,4,6]"
        }
      ]
    },
    {
      "ID": "getOne",
      "Name": "获取某一行数据",
      "Description": "根据index获取特定行的数据，从0开始; 如果 index参数为空或者越界，则返回数组最后一个元素（如果数组为空则返回null）",
      "ReturnType": "String",
      "ReturnDesc": "行数据，是一个json字符串",
      "Paras": [
        {
          "ID": "index",
          "Name": "行数",
          "Type": "Number",
          "Required": 1,
          "DefaultValue": "",
          "Description": ""
        }
      ]
    },
    {
      "ID": "getRange",
      "Name": "获取多条数据",
      "Description": "从起始索引到截止索引，获取多条数据",
      "ReturnType": "",
      "ReturnDesc": "",
      "Paras": [
        {
          "ID": "fromIndex",
          "Name": "起始索引位置",
          "Type": "Number",
          "Required": 1,
          "DefaultValue": "",
          "Description": "从0开始"
        },
        {
          "ID": "toIndex",
          "Name": "截止索引位置",
          "Type": "Number",
          "Required": 0,
          "DefaultValue": "",
          "Description": "截止索引位置（可选项），从0开始; 如果为空，则表示数组的最后一个元素位置"
        }
      ]
    },
    {
      "ID": "removeAll",
      "Name": "清空数据",
      "Description": "清除所有数据",
      "ReturnType": "",
      "ReturnDesc": "",
      "Paras": []
    },
    {
      "ID": "removeData",
      "Name": "删除特定行的对象",
      "Description": "",
      "ReturnType": "",
      "ReturnDesc": "",
      "Paras": [
        {
          "ID": "indexs",
          "Name": "行数",
          "Type": "Node",
          "Required": 1,
          "DefaultValue": "",
          "Description": ""
        }
      ]
    },
    {
      "ID": "removeRange",
      "Name": "删除指定行数据",
      "Description": "从起始索引到截止索引删除多条数据",
      "ReturnType": "",
      "ReturnDesc": "",
      "Paras": [
        {
          "ID": "fromIndex",
          "Name": "起始索引位置",
          "Type": "Number",
          "Required": 1,
          "DefaultValue": "",
          "Description": "从0开始"
        },
        {
          "ID": "toIndex",
          "Name": "截止索引位置",
          "Type": "Number",
          "Required": 0,
          "DefaultValue": "",
          "Description": "表示要删除的位置，从0开始; 如果为空或者越界，则表示数组的最后一个元素位置"
        }
      ]
    },
    {
      "ID": "updateOne",
      "Name": "更新一条数据",
      "Description": "更新特定行的数据，index表示要修改的位置，从0开始; 如果index参数为空或者越界就什么都不改",
      "ReturnType": "",
      "ReturnDesc": "",
      "Paras": [
        {
          "ID": "index",
          "Name": "数据索引",
          "Type": "Number",
          "Required": 1,
          "DefaultValue": "",
          "Description": ""
        },
        {
          "ID": "data",
          "Name": "数据",
          "Type": "Node",
          "Required": 1,
          "DefaultValue": "",
          "Description": ""
        }
      ]
    }
  ],
  "asyncMethodes": []
}