﻿{
  "ID": "do_MultiSelectComboBox",
  "IsContainer": "0",
  "Type": "UI",
  "Name": "多选框控件",
  "Version": "Internal",
  "Description": "多选择框列表，支持选一个或多项功能",
  "Icon": "",
  "IOS": {
    "Support": 1,
    "MinVersion": "7"
  },
  "Android": {
    "Support": 1,
    "MinVersion": "4.0"
  },
  "Windows": {
    "Support": 1,
    "MinVersion": "8.1"
  },
  "WindowsPhone": {
    "Support": 1,
    "MinVersion": "8.1"
  },
  "Html": {
    "Support": 1,
    "MinVersion": "5.0"
  },
  "Properties": [
    {
      "ID": "fontColor",
      "Name": "字体颜色",
      "Type": "String",
      "DefaultValue": "000000FF",
      "EditType": "1",
      "Group": "",
      "Description": "设置字体显示颜色，值格式为：8位16进制字符，前6位是RGB颜色值，后两位是透明度（Alpha），例如：000000FF",
      "Design": {
        "Type": "Color",
        "Data": []
      }
    },
    {
      "ID": "fontSize",
      "Name": "字体大小",
      "Type": "Number",
      "DefaultValue": "17",
      "EditType": "1",
      "Group": "",
      "Description": "",
      "Design": {
        "Type": "UInteger",
        "Data": []
      }
    },
    {
      "ID": "fontStyle",
      "Name": "字体风格",
      "Type": "String",
      "DefaultValue": "normal",
      "EditType": "1",
      "Group": "",
      "Description": "包含4种类型：normal：常规bold：粗体italic：斜体bold_italic：粗斜体",
      "Design": {
        "Type": "List",
        "Data": [
          {
            "id": "normal",
            "value": "常规"
          },
          {
            "id": "bold",
            "value": "粗体"
          },
          {
            "id": "italic",
            "value": "斜体"
          },
          {
            "id": "bold_italic",
            "value": "粗斜体"
          }
        ]
      }
    },
    {
      "ID": "indexs",
      "Name": "当前选中的数据索引数组",
      "Type": "String",
      "DefaultValue": "",
      "EditType": "1",
      "Group": "",
      "Description": "数据的索引值，设置时会切换数据选择",
      "Design": {
        "Type": "UInteger",
        "Data": []
      }
    },
    {
      "ID": "items",
      "Name": "数据集合",
      "Type": "String",
      "DefaultValue": "",
      "EditType": "1",
      "Group": "",
      "Description": "可供选择的数据集合，中间用逗号隔开多个文本，如'北京,上海,广州...'",
      "Design": {
        "Type": "Richtext",
        "Data": []
      }
    },
    {
      "ID": "text",
      "Name": "文本显示内容",
      "Type": "String",
      "DefaultValue": "",
      "EditType": "1",
      "Group": "",
      "Description": "获取或设置与此控件关联的文本。",
      "Design": {
        "Type": "Text",
        "Data": []
      }
    },
    {
      "ID": "textAlign",
      "Name": "文本对齐方式",
      "Type": "String",
      "DefaultValue": "left",
      "EditType": "0",
      "Group": "",
      "Description": "对齐方式为以下3种：left 左对齐（默认）；center 居中；right 右对齐",
      "Design": {
        "Type": "List",
        "Data": [
          {
            "id": "left",
            "value": "左对齐"
          },
          {
            "id": "center",
            "value": "居中"
          },
          {
            "id": "right",
            "value": "右对齐"
          }
        ]
      }
    },
    {
      "ID": "textFlag",
      "Name": "字体标示",
      "Type": "String",
      "DefaultValue": "normal",
      "EditType": "0",
      "Group": "",
      "Description": "包含3种类型：normal：常规underline ：下划线strikethrough ：删除线；windows平台不支持",
      "Design": {
        "Type": "List",
        "Data": [
          {
            "id": "normal",
            "value": "常规"
          },
          {
            "id": "underline",
            "value": "下划线"
          },
          {
            "id": "strikethrough",
            "value": "删除线"
          }
        ]
      }
    }
  ],
  "Events": [
    {
      "ID": "selectChanged",
      "Description": "选中列表项触发事件",
      "ReturnType": "Node",
      "ReturnDesc": "返回选中数据的索引数组"
    }
  ],
  "syncMethodes": [],
  "asyncMethodes": []
}