﻿{
  "ID": "do_ProgressBar2",
  "IsContainer": "0",
  "Type": "UI",
  "Name": "进度条2",
  "Version": "Internal",
  "Description": "环行进度条，进度条大小为组件最大内接圆，居中显示在组件范围内；不支持Windows平台",
  "Icon": "",
  "IOS": {
    "Support": 1,
    "MinVersion": "7.0"
  },
  "Android": {
    "Support": 1,
    "MinVersion": "4.0"
  },
  "Windows": {
    "Support": 0,
    "MinVersion": ""
  },
  "WindowsPhone": {
    "Support": 0,
    "MinVersion": ""
  },
  "Html": {
    "Support": 1,
    "MinVersion": "5.0"
  },
  "Properties": [
    {
      "ID": "fontColor",
      "Name": "字体颜色",
      "Type": "String",
      "DefaultValue": "000000FF",
      "EditType": "1",
      "Group": "",
      "Description": "字体颜色，为8位16进制整数，前6位为rgb颜色值，后两位为透明度",
      "Design": {
        "Type": "Color",
        "Data": []
      }
    },
    {
      "ID": "fontSize",
      "Name": "字体大小",
      "Type": "Number",
      "DefaultValue": "17",
      "EditType": "1",
      "Group": "",
      "Description": "",
      "Design": {
        "Type": "Integer",
        "Data": []
      }
    },
    {
      "ID": "progress",
      "Name": "进度值",
      "Type": "Number",
      "DefaultValue": "",
      "EditType": "1",
      "Group": "",
      "Description": "设置进度值，取值范围是0-100的浮点值,进度条样式是普通样式时有效",
      "Design": {
        "Type": "Integer",
        "Data": []
      }
    },
    {
      "ID": "progressBgColor",
      "Name": "进度条背景颜色",
      "Type": "String",
      "DefaultValue": "",
      "EditType": "1",
      "Group": "",
      "Description": "8位16进制整数，前6位为rgb颜色值，后两位为透明度",
      "Design": {
        "Type": "Color",
        "Data": []
      }
    },
    {
      "ID": "progressColor",
      "Name": "进度颜色",
      "Type": "String",
      "DefaultValue": "",
      "EditType": "1",
      "Group": "",
      "Description": "8位16进制整数，前6位为rgb颜色值，后两位为透明度",
      "Design": {
        "Type": "Color",
        "Data": []
      }
    },
    {
      "ID": "progressWidth",
      "Name": "进度宽度",
      "Type": "String",
      "DefaultValue": "1",
      "EditType": "1",
      "Group": "",
      "Description": "进度宽度，范围 为1-100，表示占环形进度条最外圈半径的百分比，如20表示占环形进度条半径的20%宽度",
      "Design": {
        "Type": "Integer",
        "Data": []
      }
    },
    {
      "ID": "style",
      "Name": "进度条样式",
      "Type": "String",
      "DefaultValue": "normal",
      "EditType": "0",
      "Group": "",
      "Description": "进度条样式可以是以下几种类型：normal,cycle",
      "Design": {
        "Type": "List",
        "Data": [
          {
            "id": "normal",
            "value": "普通"
          },
          {
            "id": "cycle",
            "value": "循环"
          }
        ]
      }
    },
    {
      "ID": "text",
      "Name": "文本",
      "Type": "String",
      "DefaultValue": "",
      "EditType": "1",
      "Group": "",
      "Description": "环形进度条中间文本,进度条样式为normal时有效",
      "Design": {
        "Type": "Text",
        "Data": []
      }
    }
  ],
  "Events": [],
  "syncMethodes": [],
  "asyncMethodes": []
}