﻿{
  "ID": "do_ListView",
  "IsContainer": "0",
  "Type": "UI",
  "Name": "List视图",
  "Version": "Internal",
  "Description": "List视图是最常用的UI组件，由很多个Cell组成。它可以通过bind一个ListData来构造视图的数据Model，修改数据来更新视图",
  "Icon": "https://deviceone.blob.core.chinacloudapi.cn/store/R/20150617/4bbe9921-5a44-4a6c-9452-e7fa636d8d5a.png",
  "IOS": {
    "Support": 1,
    "MinVersion": "7.0"
  },
  "Android": {
    "Support": 1,
    "MinVersion": "4.0"
  },
  "Windows": {
    "Support": 1,
    "MinVersion": ""
  },
  "WindowsPhone": {
    "Support": 1,
    "MinVersion": "8.1"
  },
  "Html": {
    "Support": 1,
    "MinVersion": "5.0"
  },
  "Properties": [
    {
      "ID": "footerView",
      "Name": "底部视图",
      "Type": "String",
      "DefaultValue": "",
      "EditType": "0",
      "Group": "",
      "Description": "设置要显示的表头视图地址，不填但isFooterVisible为true时有缺省样式",
      "Design": {
        "Type": "Text",
        "Data": []
      }
    },
    {
      "ID": "headerView",
      "Name": "表头视图",
      "Type": "String",
      "DefaultValue": "",
      "EditType": "0",
      "Group": "",
      "Description": "设置一个表头视图，可以下拉列表露出表头，设置一些效果，超出一个高度后松手可以触发一些加载数据的过程。这个值只能是source格式的ui文件。文件格式可参考Storage类",
      "Design": {
        "Type": "Text",
        "Data": []
      }
    },
    {
      "ID": "isFooterVisible",
      "Name": "是否显示footerview",
      "Type": "Bool",
      "DefaultValue": "false",
      "EditType": "0",
      "Group": "",
      "Description": "缺省false不显示",
      "Design": {
        "Type": "Boolean",
        "Data": []
      }
    },
    {
      "ID": "isHeaderVisible",
      "Name": "是否显示headerview",
      "Type": "Bool",
      "DefaultValue": "false",
      "EditType": "0",
      "Group": "",
      "Description": "缺省false不显示",
      "Design": {
        "Type": "Boolean",
        "Data": []
      }
    },
    {
      "ID": "isShowbar",
      "Name": "是否支持显示滚动条效果",
      "Type": "Bool",
      "DefaultValue": "true",
      "EditType": "0",
      "Group": "",
      "Description": "为true的时候，当listview内容超出listview的边界，会出现滚动条标识。",
      "Design": {
        "Type": "Boolean",
        "Data": []
      }
    },
    {
      "ID": "selectedColor",
      "Name": "Cell选中的背景颜色",
      "Type": "String",
      "DefaultValue": "ffffff00",
      "EditType": "0",
      "Group": "",
      "Description": "",
      "Design": {
        "Type": "Color",
        "Data": []
      }
    },
    {
      "ID": "templates",
      "Name": "Cell对应的模板UI文件组",
      "Type": "Node",
      "DefaultValue": "",
      "EditType": "0",
      "Group": "",
      "Description": "一个ListView可以有多个cell模板，这个属性是一个json array，每一个元素都是一个source ui文件。\\r\\n这个属性的格式类似如下：\\r\\n[\\\"source://view/cell1.ui\\\",\\\"source://view/cell2.ui\\\",\\\"source://view/cell3.ui]",
      "Design": {
        "Type": "Text",
        "Data": []
      }
    }
  ],
  "Events": [
    {
      "ID": "longTouch",
      "Description": "长按cell触发",
      "ReturnType": "String",
      "ReturnDesc": "当前cell的position值"
    },
    {
      "ID": "pull",
      "Description": "下拉headerview事件",
      "ReturnType": "Node",
      "ReturnDesc": "返回{state,offset}，其中state表示headerview的状态，offset为headerview下拉的位移量；其中state=0：表示开始下拉headerview，在headerview下拉到headerview复位整个过程中，pull事件会触发很多次；state=1：表示下拉headerview超过headerview的高度，触发一次这个事件，前端开发者接受到这个事件会更新headerview的ui；state=2：下拉超过一定值，触发state=1事件后，松手会触发一次这个事件，前端开发者接受到这个事件会更新headerview的ui，然后开始加载数据，数据加载完后需要调用rebound方法让header复位"
    },
    {
      "ID": "push",
      "Description": "上拉footerview事件",
      "ReturnType": "Node",
      "ReturnDesc": "返回{state,offset}，其中state表示headerview的状态，offset为footerview上拉的位移量；state=0,表示一直上拉，当listview的content到listview的底部，从0开始到footerview复位，会多次触发这个事件；state=1，如果超过footerview的高度，这个事件只触发一次，前端接受到这个事件会更新footview的ui；state=2，如果超过footview的高度并松手，这个事件只触发一次，前端接受到这个事件会更新footview的ui，并开始加载数据，加载完后前端开发者需插入新的数据，并调用rebound复位footerview"
    },
    {
      "ID": "touch",
      "Description": "点击cell触发",
      "ReturnType": "String",
      "ReturnDesc": "当前cell的position值"
    }
  ],
  "syncMethodes": [
    {
      "ID": "bindItems",
      "Name": "绑定item的数据",
      "Description": "可绑定listData和hashDatad实例",
      "ReturnType": "",
      "ReturnDesc": "",
      "Paras": [
        {
          "ID": "data",
          "Name": "数据",
          "Type": "Node",
          "Required": 1,
          "DefaultValue": "",
          "Description": ""
        }
      ]
    },
    {
      "ID": "rebound",
      "Name": "headerview复位",
      "Description": "",
      "ReturnType": "",
      "ReturnDesc": "",
      "Paras": []
    },
    {
      "ID": "refreshItems",
      "Name": "刷新item数据",
      "Description": "",
      "ReturnType": "",
      "ReturnDesc": "",
      "Paras": []
    },
    {
      "ID": "scrollToPosition",
      "Name": "平滑地滚动到特定位置",
      "Description": "",
      "ReturnType": "",
      "ReturnDesc": "",
      "Paras": [
        {
          "ID": "position",
          "Name": "位置",
          "Type": "Number",
          "Required": 0,
          "DefaultValue": "",
          "Description": "表示listview的第几行，从0开始计数，缺省值是 0"
        }
      ]
    }
  ],
  "asyncMethodes": []
}