﻿{
  "ID": "do_SQLite",
  "IsContainer": "0",
  "Type": "MM",
  "Name": "SQLite3数据库",
  "Version": "Internal",
  "Description": "",
  "Icon": "",
  "IOS": {
    "Support": 1,
    "MinVersion": "7.0"
  },
  "Android": {
    "Support": 1,
    "MinVersion": "14"
  },
  "Windows": {
    "Support": 1,
    "MinVersion": ""
  },
  "WindowsPhone": {
    "Support": 1,
    "MinVersion": "8.1"
  },
  "Html": {
    "Support": 1,
    "MinVersion": "5.0"
  },
  "Properties": [
    {
      "ID": "path",
      "Name": "数据库地址",
      "Type": "String",
      "DefaultValue": "",
      "EditType": "1",
      "Group": "",
      "Description": "",
      "Design": {
        "Type": "Text",
        "Data": []
      }
    },
    {
      "ID": "sql",
      "Name": "sql语句",
      "Type": "String",
      "DefaultValue": "",
      "EditType": "1",
      "Group": "",
      "Description": "",
      "Design": {
        "Type": "Text",
        "Data": []
      }
    }
  ],
  "Events": [],
  "syncMethodes": [
    {
      "ID": "close",
      "Name": "关闭数据库",
      "Description": "关闭数据库链接",
      "ReturnType": "Bool",
      "ReturnDesc": "",
      "Paras": []
    },
    {
      "ID": "executeSync",
      "Name": "执行SQL语句",
      "Description": "用于执行任意的SQL语句",
      "ReturnType": "Bool",
      "ReturnDesc": "执行是否成功",
      "Paras": [
        {
          "ID": "sql",
          "Name": "SQL字符串",
          "Type": "String",
          "Required": 1,
          "DefaultValue": "",
          "Description": ""
        }
      ]
    },
    {
      "ID": "open",
      "Name": "打开数据库",
      "Description": "打开一个本地数据库链接，只支持data://的路径或者:memory:，其中:memory:表示内存数据库",
      "ReturnType": "Bool",
      "ReturnDesc": "",
      "Paras": [
        {
          "ID": "path",
          "Name": "数据库路径",
          "Type": "String",
          "Required": 1,
          "DefaultValue": "",
          "Description": ""
        }
      ]
    }
  ],
  "asyncMethodes": [
    {
      "ID": "execute",
      "Name": "执行SQL语句",
      "Description": "用于执行任意的SQL语句",
      "ReturnType": "Bool",
      "ReturnDesc": "执行是否成功",
      "Paras": [
        {
          "ID": "sql",
          "Name": "SQL字符串",
          "Type": "String",
          "Required": 1,
          "DefaultValue": "",
          "Description": ""
        }
      ]
    },
    {
      "ID": "query",
      "Name": "执行SQL查询语句",
      "Description": "用于执行查询语句",
      "ReturnType": "Node",
      "ReturnDesc": "返回的每一个元素都是json node，node的每一个节点都是column名\r\n比如\r\n[\r\n{\"column1\":\"value1\",\"clolumn2\":\"value2\"}\r\n,\r\n{\"column1\":\"value3\",\"clolumn2\":\"value4\"}\r\n,\r\n...\r\n}",
      "Paras": [
        {
          "ID": "sql",
          "Name": "SQL字符串",
          "Type": "String",
          "Required": 1,
          "DefaultValue": "",
          "Description": ""
        }
      ]
    }
  ]
}