﻿{
  "ID": "do_CheckBox",
  "IsContainer": "0",
  "Type": "UI",
  "Name": "复选框",
  "Version": "Internal",
  "Description": "",
  "Icon": "https://deviceone.blob.core.chinacloudapi.cn/store/R/20150723/3eac1bdc-176d-44ab-93e6-ce4ffb205ff3.png",
  "IOS": {
    "Support": 1,
    "MinVersion": "7.0"
  },
  "Android": {
    "Support": 1,
    "MinVersion": "14"
  },
  "Windows": {
    "Support": 1,
    "MinVersion": ""
  },
  "WindowsPhone": {
    "Support": 1,
    "MinVersion": "8.1"
  },
  "Html": {
    "Support": 1,
    "MinVersion": "5.0"
  },
  "Properties": [
    {
      "ID": "checked",
      "Name": "是否选中",
      "Type": "Bool",
      "DefaultValue": "false",
      "EditType": "1",
      "Group": "",
      "Description": "为true时为选中状态，false为未选中状态",
      "Design": {
        "Type": "Boolean",
        "Data": []
      }
    },
    {
      "ID": "enabled",
      "Name": "是否可点击",
      "Type": "Bool",
      "DefaultValue": "true",
      "EditType": "1",
      "Group": "",
      "Description": "缺省为true控制组件可点击，当为false时不支持点击",
      "Design": {
        "Type": "Boolean",
        "Data": []
      }
    },
    {
      "ID": "fontColor",
      "Name": "字体颜色",
      "Type": "String",
      "DefaultValue": "000000FF",
      "EditType": "1",
      "Group": "",
      "Description": "获取或设置控件前景色，为8位16进制整数，前6位为rgb颜色值，后两位为透明度",
      "Design": {
        "Type": "Color",
        "Data": []
      }
    },
    {
      "ID": "fontSize",
      "Name": "字体大小",
      "Type": "Number",
      "DefaultValue": "17",
      "EditType": "1",
      "Group": "",
      "Description": "",
      "Design": {
        "Type": "UInteger",
        "Data": []
      }
    },
    {
      "ID": "fontStyle",
      "Name": "字体风格",
      "Type": "String",
      "DefaultValue": "normal",
      "EditType": "1",
      "Group": "",
      "Description": "包含4种类型：\\r\\nnormal：常规\\r\\nbold：粗体\\r\\nitalic：斜体\\r\\nbold_italic：粗斜体",
      "Design": {
        "Type": "List",
        "Data": [
          {
            "id": "normal",
            "value": "常规"
          },
          {
            "id": "bold",
            "value": "粗体"
          },
          {
            "id": "italic",
            "value": "斜体"
          },
          {
            "id": "bold_italic",
            "value": "粗斜体"
          }
        ]
      }
    },
    {
      "ID": "text",
      "Name": "文本显示内容",
      "Type": "String",
      "DefaultValue": "",
      "EditType": "1",
      "Group": "",
      "Description": "获取或设置与此控件关联的文本。",
      "Design": {
        "Type": "Text",
        "Data": []
      }
    },
    {
      "ID": "textFlag",
      "Name": "字体标示",
      "Type": "String",
      "DefaultValue": "normal",
      "EditType": "1",
      "Group": "",
      "Description": "包含3种类型：\\r\\nnormal：常规\\r\\nunderline ：下划线\\r\\nstrikethrough ：删除线",
      "Design": {
        "Type": "List",
        "Data": [
          {
            "id": "normal",
            "value": "常规"
          },
          {
            "id": "underline",
            "value": "下划线"
          },
          {
            "id": "strikethrough",
            "value": "删除线"
          }
        ]
      }
    }
  ],
  "Events": [
    {
      "ID": "checkChanged",
      "Description": "选择切换时触发",
      "ReturnType": "Bool",
      "ReturnDesc": "返回当前控件状态"
    }
  ],
  "syncMethodes": [],
  "asyncMethodes": []
}