﻿{
  "ID": "do_ComboBox",
  "IsContainer": "0",
  "Type": "UI",
  "Name": "组合框控件",
  "Version": "Internal",
  "Description": "点击控件会弹出一个选择列表，单击选项即可选中",
  "Icon": "https://deviceone.blob.core.chinacloudapi.cn/store/R/20150723/4b499ba2-3c42-414f-8433-2670ca9f0742.png",
  "IOS": {
    "Support": 1,
    "MinVersion": "7.0"
  },
  "Android": {
    "Support": 1,
    "MinVersion": "14"
  },
  "Windows": {
    "Support": 1,
    "MinVersion": "8.1"
  },
  "WindowsPhone": {
    "Support": 1,
    "MinVersion": "8.1"
  },
  "Html": {
    "Support": 1,
    "MinVersion": "5.0"
  },
  "Properties": [
    {
      "ID": "fontColor",
      "Name": "字体前景色",
      "Type": "String",
      "DefaultValue": "000000FF",
      "EditType": "1",
      "Group": "",
      "Description": "设置字体显示颜色，值格式为：8位16进制字符，前6位是RGB颜色值，后两位是透明度（Alpha），例如：000000FF",
      "Design": {
        "Type": "Color",
        "Data": []
      }
    },
    {
      "ID": "fontSize",
      "Name": "字体大小",
      "Type": "Number",
      "DefaultValue": "17",
      "EditType": "1",
      "Group": "",
      "Description": "",
      "Design": {
        "Type": "UInteger",
        "Data": []
      }
    },
    {
      "ID": "fontStyle",
      "Name": "字体风格",
      "Type": "String",
      "DefaultValue": "normal",
      "EditType": "1",
      "Group": "",
      "Description": "包含4种类型：normal：常规bold：粗体italic：斜体bold_italic：粗斜体",
      "Design": {
        "Type": "List",
        "Data": [
          {
            "id": "normal",
            "value": "常规"
          },
          {
            "id": "bold",
            "value": "粗体"
          },
          {
            "id": "italic",
            "value": "斜体"
          },
          {
            "id": "bold_italic",
            "value": "粗斜体"
          }
        ]
      }
    },
    {
      "ID": "index",
      "Name": "当前选中的数据索引",
      "Type": "Number",
      "DefaultValue": "",
      "EditType": "1",
      "Group": "",
      "Description": "数据的索引值，设置时会切换数据选择，索引小于0时指向数组第一个数据，越界时指向数组最后一个数据",
      "Design": {
        "Type": "Integer",
        "Data": []
      }
    },
    {
      "ID": "items",
      "Name": "数据集合",
      "Type": "String",
      "DefaultValue": "",
      "EditType": "1",
      "Group": "",
      "Description": "可供选择的数据集合，中间用逗号隔开多个文本，如'北京,上海,广州...'",
      "Design": {
        "Type": "Richtext",
        "Data": []
      }
    },
    {
      "ID": "textAlign",
      "Name": "文本对齐方式",
      "Type": "String",
      "DefaultValue": "left",
      "EditType": "0",
      "Group": "",
      "Description": "对齐方式为以下3种：left 左对齐（默认）；center 居中；right 右对齐。仅支持android平台",
      "Design": {
        "Type": "List",
        "Data": [
          {
            "id": "left",
            "value": "左对齐"
          },
          {
            "id": "center",
            "value": "居中"
          },
          {
            "id": "right",
            "value": "右对齐"
          }
        ]
      }
    },
    {
      "ID": "textFlag",
      "Name": "字体标示",
      "Type": "String",
      "DefaultValue": "normal",
      "EditType": "0",
      "Group": "",
      "Description": "包含3种类型：normal：常规underline ：下划线strikethrough ：删除线",
      "Design": {
        "Type": "List",
        "Data": [
          {
            "id": "normal",
            "value": "常规"
          },
          {
            "id": "underline",
            "value": "下划线"
          },
          {
            "id": "strikethrough",
            "value": "删除线"
          }
        ]
      }
    }
  ],
  "Events": [
    {
      "ID": "selectChanged",
      "Description": "当数据变化或数据索引变化触发",
      "ReturnType": "Number",
      "ReturnDesc": "返回选中数据的索引"
    }
  ],
  "syncMethodes": [],
  "asyncMethodes": []
}