﻿{
  "ID": "do_MarqueeLabel",
  "IsContainer": "0",
  "Type": "UI",
  "Name": "跑马灯标签框",
  "Version": "Internal",
  "Description": "文字能滚动播出的文本标签框",
  "Icon": "",
  "IOS": {
    "Support": 1,
    "MinVersion": "7"
  },
  "Android": {
    "Support": 1,
    "MinVersion": "14"
  },
  "Windows": {
    "Support": 1,
    "MinVersion": "8.1"
  },
  "WindowsPhone": {
    "Support": 1,
    "MinVersion": "8.1"
  },
  "Html": {
    "Support": 1,
    "MinVersion": "5.0"
  },
  "Properties": [
    {
      "ID": "direction",
      "Name": "文字滚动方向",
      "Type": "String",
      "DefaultValue": "left",
      "EditType": "0",
      "Group": "",
      "Description": "修改文字滚动方向，支持向左与向右",
      "Design": {
        "Type": "List",
        "Data": [
          {
            "id": "left",
            "value": "向左"
          },
          {
            "id": "right",
            "value": "向右"
          }
        ]
      }
    },
    {
      "ID": "fontColor",
      "Name": "字体颜色",
      "Type": "String",
      "DefaultValue": "000000FF",
      "EditType": "1",
      "Group": "",
      "Description": "设置字体显示颜色，值格式为：8位16进制字符，前6位是RGB颜色值，后两位是透明度（Alpha），例如：000000FF",
      "Design": {
        "Type": "Color",
        "Data": []
      }
    },
    {
      "ID": "fontSize",
      "Name": "字体大小",
      "Type": "Number",
      "DefaultValue": "17",
      "EditType": "1",
      "Group": "",
      "Description": "",
      "Design": {
        "Type": "UInteger",
        "Data": []
      }
    },
    {
      "ID": "fontStyle",
      "Name": "字体风格",
      "Type": "String",
      "DefaultValue": "normal",
      "EditType": "1",
      "Group": "",
      "Description": "包含4种类型：normal：常规bold：粗体italic：斜体bold_italic：粗斜体",
      "Design": {
        "Type": "List",
        "Data": [
          {
            "id": "normal",
            "value": "常规"
          },
          {
            "id": "bold",
            "value": "粗体"
          },
          {
            "id": "italic",
            "value": "斜体"
          },
          {
            "id": "bold_italic",
            "value": "粗斜体"
          }
        ]
      }
    },
    {
      "ID": "text",
      "Name": "文本显示内容",
      "Type": "String",
      "DefaultValue": "",
      "EditType": "1",
      "Group": "",
      "Description": "获取或设置与此控件关联的文本。",
      "Design": {
        "Type": "Richtext",
        "Data": []
      }
    },
    {
      "ID": "textFlag",
      "Name": "字体标示",
      "Type": "String",
      "DefaultValue": "normal",
      "EditType": "0",
      "Group": "",
      "Description": "包含3种类型：normal：常规underline ：下划线strikethrough ：删除线",
      "Design": {
        "Type": "List",
        "Data": [
          {
            "id": "normal",
            "value": "常规"
          },
          {
            "id": "underline",
            "value": "下划线"
          },
          {
            "id": "strikethrough",
            "value": "删除线"
          }
        ]
      }
    }
  ],
  "Events": [],
  "syncMethodes": [],
  "asyncMethodes": []
}