﻿{
  "ID": "do_SlideListView",
  "IsContainer": "0",
  "Type": "UI",
  "Name": "左右滑动List视图",
  "Version": "Internal",
  "Description": "与SlideListView相似，支持cell左右滑动的列表组件，组件不响应左右滑出部分的点击事件，在模板中单独处理，windows平台不支持",
  "Icon": "",
  "IOS": {
    "Support": 1,
    "MinVersion": "7.0"
  },
  "Android": {
    "Support": 1,
    "MinVersion": "4.0"
  },
  "Windows": {
    "Support": 0,
    "MinVersion": ""
  },
  "WindowsPhone": {
    "Support": 0,
    "MinVersion": ""
  },
  "Html": {
    "Support": 1,
    "MinVersion": "5.0"
  },
  "Properties": [
    {
      "ID": "footerView",
      "Name": "底部视图",
      "Type": "String",
      "DefaultValue": "",
      "EditType": "0",
      "Group": "",
      "Description": "设置要显示的表头视图地址，不填但isFooterVisible为true时有缺省样式",
      "Design": {
        "Type": "Text",
        "Data": []
      }
    },
    {
      "ID": "headerView",
      "Name": "表头视图",
      "Type": "String",
      "DefaultValue": "",
      "EditType": "0",
      "Group": "",
      "Description": "设置要显示的表头视图地址，不填但isHeaderVisible为true时有缺省样式",
      "Design": {
        "Type": "Text",
        "Data": []
      }
    },
    {
      "ID": "isFooterVisible",
      "Name": "是否显示footerview",
      "Type": "Bool",
      "DefaultValue": "false",
      "EditType": "0",
      "Group": "",
      "Description": "缺省false不显示",
      "Design": {
        "Type": "Boolean",
        "Data": []
      }
    },
    {
      "ID": "isHeaderVisible",
      "Name": "是否显示headerview",
      "Type": "Bool",
      "DefaultValue": "false",
      "EditType": "0",
      "Group": "",
      "Description": "缺省false不显示",
      "Design": {
        "Type": "Boolean",
        "Data": []
      }
    },
    {
      "ID": "isShowbar",
      "Name": "是否支持显示滚动条效果",
      "Type": "Bool",
      "DefaultValue": "true",
      "EditType": "0",
      "Group": "",
      "Description": "为true的时候，当数据内容超出组件的边界，会出现滚动条标识",
      "Design": {
        "Type": "Boolean",
        "Data": []
      }
    },
    {
      "ID": "selectedColor",
      "Name": "Cell选中的背景颜色",
      "Type": "String",
      "DefaultValue": "ffffff00",
      "EditType": "0",
      "Group": "",
      "Description": "",
      "Design": {
        "Type": "Color",
        "Data": []
      }
    },
    {
      "ID": "templates",
      "Name": "Cell对应的模板UI文件组",
      "Type": "String",
      "DefaultValue": "",
      "EditType": "0",
      "Group": "",
      "Description": "可以有多个cell模板，这个属性是一个json array，每一个元素都是一个source ui文件。\\r\\n这个属性的格式类似如下：\\r\\n[\\\"source://view/cell1.ui\\\",\\\"source://view/cell2.ui\\\",\\\"source://view/cell3.ui]",
      "Design": {
        "Type": "Text",
        "Data": []
      }
    }
  ],
  "Events": [
    {
      "ID": "longTouch",
      "Description": "长按cell触发",
      "ReturnType": "Number",
      "ReturnDesc": "当前cell的position值"
    },
    {
      "ID": "pull",
      "Description": "下拉headerview事件",
      "ReturnType": "Node",
      "ReturnDesc": "返回{state,offset}，其中state表示headerview的状态，offset为headerview下拉的位移量；其中state=0：表示开始下拉headerview，在headerview下拉到headerview复位整个过程中，pull事件会触发很多次；state=1：表示下拉headerview超过headerview的高度，触发一次这个事件，前端开发者接受到这个事件会更新headerview的ui；state=2：下拉超过一定值，触发state=1事件后，松手会触发一次这个事件，前端开发者接受到这个事件会更新headerview的ui，然后开始加载数据，数据加载完后需要调用rebound方法让header复位"
    },
    {
      "ID": "push",
      "Description": "上拉footerview事件",
      "ReturnType": "Node",
      "ReturnDesc": "返回{state,offset}，其中state表示headerview的状态，offset为footerview上拉的位移量；state=0,表示一直上拉，当SlideListView的content到SlideListView的底部，从0开始到footerview复位，会多次触发这个事件；state=1，如果超过footerview的高度，这个事件只触发一次，前端接受到这个事件会更新footview的ui；state=2，如果超过footview的高度并松手，这个事件只触发一次，前端接受到这个事件会更新footview的ui，并开始加载数据，加载完后前端开发者需插入新的数据，并调用rebound复位footerview"
    },
    {
      "ID": "touch",
      "Description": "点击cell触发",
      "ReturnType": "Number",
      "ReturnDesc": "当前cell的position值"
    }
  ],
  "syncMethodes": [
    {
      "ID": "bindItems",
      "Name": "绑定item的数据",
      "Description": "可绑定listData和hashDatad实例，data的每一个元素都是一个json节点，json节点里有1个特殊key为template表明模板的索引号，在这个组件再增加2个特殊key：leftTemplate，rightTemplate表明左右对应的ui文件，比如[{ template:0 ,text:'aa', rightTemplate:3},{ template:2 ,text:'cc', leftTemplate: 3 }]",
      "ReturnType": "",
      "ReturnDesc": "",
      "Paras": [
        {
          "ID": "data",
          "Name": "数据",
          "Type": "Node",
          "Required": 0,
          "DefaultValue": "",
          "Description": ""
        }
      ]
    },
    {
      "ID": "rebound",
      "Name": "复位",
      "Description": "headerview或footerview复位",
      "ReturnType": "",
      "ReturnDesc": "",
      "Paras": []
    },
    {
      "ID": "refreshItems",
      "Name": "刷新item数据",
      "Description": "",
      "ReturnType": "",
      "ReturnDesc": "",
      "Paras": []
    }
  ],
  "asyncMethodes": []
}