﻿{
  "ID": "do_SangforVPN",
  "IsContainer": "0",
  "Type": "SM",
  "Name": "SangforVPN",
  "Version": "Internal",
  "Description": "使用深信服科技公司提供的VPN服务访问服务器资源，提供VPN登录，VPN注销登录的功能，仅支持android平台",
  "Icon": "",
  "IOS": {
    "Support": 0,
    "MinVersion": ""
  },
  "Android": {
    "Support": 1,
    "MinVersion": "4.0"
  },
  "Windows": {
    "Support": 0,
    "MinVersion": ""
  },
  "WindowsPhone": {
    "Support": 0,
    "MinVersion": ""
  },
  "Html": {
    "Support": 1,
    "MinVersion": "5.0"
  },
  "Properties": [],
  "Events": [],
  "syncMethodes": [],
  "asyncMethodes": [
    {
      "ID": "login",
      "Name": "登录VPN",
      "Description": "登录VPN",
      "ReturnType": "Node",
      "ReturnDesc": "{\"result\":\"true 登录成功，false 登录失败\",\"code\":\"0\",\"msg\":\"\"}",
      "Paras": [
        {
          "ID": "host",
          "Name": "地址",
          "Type": "String",
          "Required": 1,
          "DefaultValue": "",
          "Description": "连接VPN地址"
        },
        {
          "ID": "username",
          "Name": "用户名",
          "Type": "String",
          "Required": 1,
          "DefaultValue": "",
          "Description": "登录VPN的用户名"
        },
        {
          "ID": "password",
          "Name": "密码",
          "Type": "String",
          "Required": 1,
          "DefaultValue": "",
          "Description": "登录VPN的密码"
        },
        {
          "ID": "port",
          "Name": "端口号",
          "Type": "Number",
          "Required": 0,
          "DefaultValue": "443",
          "Description": "连接VPN端口"
        }
      ]
    },
    {
      "ID": "logout",
      "Name": "注销VPN",
      "Description": "注销退出VPN",
      "ReturnType": "Node",
      "ReturnDesc": "{\"result\":\"true 注销成功，false 注销失败\",\"code\":\"0\",\"msg\":\"\"}",
      "Paras": []
    }
  ]
}