﻿{
  "ID": "do_TextField",
  "IsContainer": "0",
  "Type": "UI",
  "Name": "单行文本编辑框",
  "Version": "Internal",
  "Description": "通常只允许输入一行",
  "Icon": "https://deviceone.blob.core.chinacloudapi.cn/store/R/20150617/a56789e9-4e45-4e31-8821-7d061075405f.png",
  "IOS": {
    "Support": 1,
    "MinVersion": "iOS 7.0"
  },
  "Android": {
    "Support": 1,
    "MinVersion": "4.0"
  },
  "Windows": {
    "Support": 1,
    "MinVersion": "8.1"
  },
  "WindowsPhone": {
    "Support": 1,
    "MinVersion": "8.1"
  },
  "Html": {
    "Support": 1,
    "MinVersion": "5.0"
  },
  "Properties": [
    {
      "ID": "clearAll",
      "Name": "输入框中显示叉号",
      "Type": "Bool",
      "DefaultValue": "false",
      "EditType": "0",
      "Group": "",
      "Description": "默认值为false，设置成true时在文本框右侧显示一个叉号标记，点击叉号可以删除所有文本内容",
      "Design": {
        "Type": "Boolean",
        "Data": []
      }
    },
    {
      "ID": "enabled",
      "Name": "是否可编辑",
      "Type": "Bool",
      "DefaultValue": "true",
      "EditType": "1",
      "Group": "",
      "Description": "控制文本框是否为可编辑状态，为false时不可编辑",
      "Design": {
        "Type": "Boolean",
        "Data": []
      }
    },
    {
      "ID": "enterText",
      "Name": "按钮文字",
      "Type": "String",
      "DefaultValue": "default",
      "EditType": "0",
      "Group": "",
      "Description": "修改软键盘上按钮显示文字，有以下枚举值：go前往、send发送、next下一项、done完成、search搜索、default由inputType属性控制，与系统相同",
      "Design": {
        "Type": "List",
        "Data": [
          {
            "id": "go",
            "value": "前往"
          },
          {
            "id": "send",
            "value": "发送"
          },
          {
            "id": "next",
            "value": "下一项"
          },
          {
            "id": "done",
            "value": "完成"
          },
          {
            "id": "search",
            "value": "搜索"
          },
          {
            "id": "default",
            "value": "默认"
          }
        ]
      }
    },
    {
      "ID": "fontColor",
      "Name": "字体颜色",
      "Type": "String",
      "DefaultValue": "000000FF",
      "EditType": "1",
      "Group": "",
      "Description": "设置字体显示颜色，值格式为：8位16进制字符，前6位是RGB颜色值，后两位是透明度（Alpha），例如：000000FF",
      "Design": {
        "Type": "Color",
        "Data": []
      }
    },
    {
      "ID": "fontSize",
      "Name": "字体大小",
      "Type": "Number",
      "DefaultValue": "17",
      "EditType": "1",
      "Group": "",
      "Description": "字体大小",
      "Design": {
        "Type": "UInteger",
        "Data": []
      }
    },
    {
      "ID": "fontStyle",
      "Name": "字体风格",
      "Type": "String",
      "DefaultValue": "normal",
      "EditType": "1",
      "Group": "",
      "Description": "包含4种类型：\r\nnormal：常规\r\nbold：粗体\r\nitalic：斜体\r\nbold_italic：粗斜体",
      "Design": {
        "Type": "List",
        "Data": [
          {
            "id": "normal",
            "value": "常规"
          },
          {
            "id": "bold",
            "value": "粗体"
          },
          {
            "id": "italic",
            "value": "斜体"
          },
          {
            "id": "bold_italic",
            "value": "粗斜体"
          }
        ]
      }
    },
    {
      "ID": "hint",
      "Name": "提示信息",
      "Type": "String",
      "DefaultValue": "",
      "EditType": "1",
      "Group": "",
      "Description": "text为空时显示的文字提示信息",
      "Design": {
        "Type": "Text",
        "Data": []
      }
    },
    {
      "ID": "inputType",
      "Name": "输入类型",
      "Type": "String",
      "DefaultValue": "ENG",
      "EditType": "0",
      "Group": "",
      "Description": "输入类型，不设置这个属性的时候会使用系统默认键盘支持所有字符，可设置的值包括以下4种:\n\t\r\n\"ASC\" ：支持ASCII的默认键盘\n\r\n\"PHONENUMBER\" ：标准电话键盘，支持＋＊＃字符\n\r\n\"URL\" ：URL键盘，支持.com按钮 只支持URL字符\n\t\t\r\n\"ENG\" :英文键盘",
      "Design": {
        "Type": "List",
        "Data": [
          {
            "id": "ASC",
            "value": "默认键盘"
          },
          {
            "id": "PHONENUMBER",
            "value": "标准电话键盘"
          },
          {
            "id": "URL",
            "value": "URL键盘"
          },
          {
            "id": "ENG",
            "value": "英文键盘"
          }
        ]
      }
    },
    {
      "ID": "maxLength",
      "Name": "可允许输入的最大长度",
      "Type": "Number",
      "DefaultValue": "100",
      "EditType": "0",
      "Group": "",
      "Description": "",
      "Design": {
        "Type": "UInteger",
        "Data": []
      }
    },
    {
      "ID": "password",
      "Name": "隐藏输入字符",
      "Type": "Bool",
      "DefaultValue": "false",
      "EditType": "1",
      "Group": "",
      "Description": "默认值为false，设置为true时将输入的字符显示为**",
      "Design": {
        "Type": "Boolean",
        "Data": []
      }
    },
    {
      "ID": "text",
      "Name": "文本内容",
      "Type": "String",
      "DefaultValue": "",
      "EditType": "1",
      "Group": "",
      "Description": "获取或设置与此控件关联的文本",
      "Design": {
        "Type": "Text",
        "Data": []
      }
    },
    {
      "ID": "textAlign",
      "Name": "文本对齐方式",
      "Type": "String",
      "DefaultValue": "left",
      "EditType": "0",
      "Group": "",
      "Description": "对齐方式为以下3种：left 左对齐（默认）；center 居中；right 右对齐。",
      "Design": {
        "Type": "List",
        "Data": [
          {
            "id": "left",
            "value": "左对齐"
          },
          {
            "id": "center",
            "value": "居中"
          },
          {
            "id": "right",
            "value": "右对齐"
          }
        ]
      }
    },
    {
      "ID": "textFlag",
      "Name": "字体标示",
      "Type": "String",
      "DefaultValue": "normal",
      "EditType": "0",
      "Group": "",
      "Description": "包含3种类型：\r\nnormal：常规\r\nunderline ：下划线\r\nstrikethrough ：删除线",
      "Design": {
        "Type": "List",
        "Data": [
          {
            "id": "normal",
            "value": "常规"
          },
          {
            "id": "underline",
            "value": "下划线"
          },
          {
            "id": "strikethrough",
            "value": "删除线"
          }
        ]
      }
    }
  ],
  "Events": [
    {
      "ID": "enter",
      "Description": "点击键盘右下角按钮时触发",
      "ReturnType": "String",
      "ReturnDesc": ""
    },
    {
      "ID": "focusIn",
      "Description": "进入编辑状态",
      "ReturnType": "Node",
      "ReturnDesc": "返回键盘高度，{keybordHeight:'25'}"
    },
    {
      "ID": "focusOut",
      "Description": "离开编辑状态",
      "ReturnType": "String",
      "ReturnDesc": ""
    },
    {
      "ID": "textChanged",
      "Description": "文字变化时触发",
      "ReturnType": "String",
      "ReturnDesc": ""
    }
  ],
  "syncMethodes": [
    {
      "ID": "setFocus",
      "Name": "设置焦点",
      "Description": "设置是否得到焦点，得到焦点时软键盘弹出，失去焦点时软键盘收起",
      "ReturnType": "",
      "ReturnDesc": "",
      "Paras": [
        {
          "ID": "value",
          "Name": "焦点值",
          "Type": "Bool",
          "Required": 1,
          "DefaultValue": "false",
          "Description": "为true时有焦点，false时无焦点"
        }
      ]
    }
  ],
  "asyncMethodes": []
}