﻿{
  "ID": "do_VerticalSlideView",
  "IsContainer": "0",
  "Type": "UI",
  "Name": "纵向滑动视图",
  "Version": "Internal",
  "Description": "这个UI组件包含多个子视图(UI文件），实现多个子视图之间上下平缓滑动效果，该组件还支持设置多个不同模板视图",
  "Icon": "",
  "IOS": {
    "Support": 1,
    "MinVersion": "7"
  },
  "Android": {
    "Support": 1,
    "MinVersion": "14"
  },
  "Windows": {
    "Support": 1,
    "MinVersion": "8.1"
  },
  "WindowsPhone": {
    "Support": 1,
    "MinVersion": "8.1"
  },
  "Html": {
    "Support": 1,
    "MinVersion": "5.0"
  },
  "Properties": [
    {
      "ID": "index",
      "Name": "当前滑动UIView索引",
      "Type": "Number",
      "DefaultValue": "0",
      "EditType": "1",
      "Group": "",
      "Description": "设置滑动视图索引值，默认为0",
      "Design": {
        "Type": "UInteger",
        "Data": []
      }
    },
    {
      "ID": "templates",
      "Name": "显示视图对应UI模板文件",
      "Type": "Node",
      "DefaultValue": "",
      "EditType": "0",
      "Group": "",
      "Description": "可以设置一个或多个UI模板文件，值为String类型，多个模板之间分别用“,”分隔，例如：“source://view/temp/t0.ui, source://view/temp/t1.ui”",
      "Design": {
        "Type": "Richtext",
        "Data": []
      }
    }
  ],
  "Events": [
    {
      "ID": "indexChanged",
      "Description": "滑动显示当前视图后触发该事件",
      "ReturnType": "String",
      "ReturnDesc": "返回当前index"
    }
  ],
  "syncMethodes": [
    {
      "ID": "bindItems",
      "Name": "绑定视图模板数据",
      "Description": "绑定数据类型为do_ListData实例",
      "ReturnType": "",
      "ReturnDesc": "",
      "Paras": [
        {
          "ID": "data",
          "Name": "数据",
          "Type": "Node",
          "Required": 0,
          "DefaultValue": "",
          "Description": ""
        }
      ]
    },
    {
      "ID": "refreshItems",
      "Name": "刷新数据",
      "Description": "支持动态刷新当前视图显示数据",
      "ReturnType": "",
      "ReturnDesc": "",
      "Paras": []
    }
  ],
  "asyncMethodes": []
}