﻿{
  "ID": "do_TencentQQ",
  "IsContainer": "0",
  "Type": "SM",
  "Name": "使用qq登录第三方应用",
  "Version": "Internal",
  "Description": "提供qq登录，qq注销登录的功能，支持QQ分享、QZone分享",
  "Icon": "https://deviceone.blob.core.chinacloudapi.cn/store/R/20150624/f0d6b479-f9f2-4f0a-b3a3-4aff821c05bb.png",
  "IOS": {
    "Support": 1,
    "MinVersion": "7"
  },
  "Android": {
    "Support": 1,
    "MinVersion": "14"
  },
  "Windows": {
    "Support": 0,
    "MinVersion": ""
  },
  "WindowsPhone": {
    "Support": 0,
    "MinVersion": ""
  },
  "Html": {
    "Support": 1,
    "MinVersion": "5.0"
  },
  "Properties": [],
  "Events": [],
  "syncMethodes": [],
  "asyncMethodes": [
    {
      "ID": "getUserInfo",
      "Name": "获取用户信息",
      "Description": "获取用户信息",
      "ReturnType": "String",
      "ReturnDesc": "返回是一个String,里面包含了用户的基本信息，头像，昵称等",
      "Paras": [
        {
          "ID": "token",
          "Name": "access_token",
          "Type": "String",
          "Required": 1,
          "DefaultValue": "",
          "Description": ""
        },
        {
          "ID": "expires",
          "Name": "expires_in",
          "Type": "String",
          "Required": 1,
          "DefaultValue": "",
          "Description": ""
        },
        {
          "ID": "openId",
          "Name": "openId",
          "Type": "String",
          "Required": 1,
          "DefaultValue": "",
          "Description": ""
        }
      ]
    },
    {
      "ID": "login",
      "Name": "使用qq登录",
      "Description": "使用qq登录获取用户登录的信息",
      "ReturnType": "String",
      "ReturnDesc": "返回用户登录的信息{\\\"ret\\\": 0,\\\"pay_token\\\": \\\"0778657200B8F00BAFD7F4BB07814C25\\\",\\\"pf\\\": \\\"desktop_m_qq-10000144-android-2002-\\\",\\\"query_authority_cost\\\": 288,\\\"authority_cost\\\": -831427405,\\\"openid\\\": \\\"7FA197F8DCDD7AAF58ADFB78ED5EAC1F\\\",\\\"expires_in\\\": 7776000,\\\"pfkey\\\": \\\"357daa137145123b502e4617986ebef3\\\",\\\"msg\\\": \\\"\\\",\\\"access_token\\\": \\\"08883692C36350C78D7E0F25CBC796F6\\\",\\\"login_cost\\\": 342}",
      "Paras": [
        {
          "ID": "appId",
          "Name": "appId",
          "Type": "String",
          "Required": 1,
          "DefaultValue": "",
          "Description": "在qq互联申请的appId"
        }
      ]
    },
    {
      "ID": "logout",
      "Name": "注销",
      "Description": "注销登录",
      "ReturnType": "Bool",
      "ReturnDesc": "true 注销成功，false 注销失败",
      "Paras": []
    },
    {
      "ID": "shareToQQ",
      "Name": "分享到QQ好友",
      "Description": "分享到QQ好友",
      "ReturnType": "Bool",
      "ReturnDesc": "true 分享成功，false 分享失败",
      "Paras": [
        {
          "ID": "appId",
          "Name": "appId",
          "Type": "String",
          "Required": 1,
          "DefaultValue": "",
          "Description": "在qq互联申请的appId"
        },
        {
          "ID": "type",
          "Name": "分享的类型",
          "Type": "Number",
          "Required": 1,
          "DefaultValue": "0",
          "Description": "0：默认，图文分享；1：纯图分享，只支持本地图；2：音乐分享；3：应用分享"
        },
        {
          "ID": "title",
          "Name": "标题",
          "Type": "String",
          "Required": 1,
          "DefaultValue": "",
          "Description": "分享的标题, 最长30个字符"
        },
        {
          "ID": "url",
          "Name": "目标地址",
          "Type": "String",
          "Required": 0,
          "DefaultValue": "",
          "Description": "分享后点击文本后打开的地址"
        },
        {
          "ID": "image",
          "Name": "图片地址",
          "Type": "String",
          "Required": 0,
          "DefaultValue": "",
          "Description": "分享后显示的图片"
        },
        {
          "ID": "summary",
          "Name": "摘要",
          "Type": "String",
          "Required": 0,
          "DefaultValue": "",
          "Description": "分享的消息摘要，最长40个字"
        },
        {
          "ID": "audio",
          "Name": "音乐文件的远程链接",
          "Type": "String",
          "Required": 0,
          "DefaultValue": "",
          "Description": "音乐文件的远程链接, 以URL的形式传入, 不支持本地音乐"
        },
        {
          "ID": "appName",
          "Name": "应用名称",
          "Type": "String",
          "Required": 0,
          "DefaultValue": "",
          "Description": ""
        }
      ]
    },
    {
      "ID": "shareToQzone",
      "Name": "分享到QQ空间",
      "Description": "",
      "ReturnType": "Bool",
      "ReturnDesc": "true 分享成功，false 分享失败",
      "Paras": [
        {
          "ID": "appId",
          "Name": "appId",
          "Type": "String",
          "Required": 1,
          "DefaultValue": "",
          "Description": "在qq互联申请的appId"
        },
        {
          "ID": "type",
          "Name": "分享的类型",
          "Type": "Number",
          "Required": 1,
          "DefaultValue": "0",
          "Description": "0：默认，图文分享；1：应用分享"
        },
        {
          "ID": "title",
          "Name": "标题",
          "Type": "String",
          "Required": 1,
          "DefaultValue": "",
          "Description": "分享的标题, 最长200个字符"
        },
        {
          "ID": "url",
          "Name": "目标地址",
          "Type": "String",
          "Required": 1,
          "DefaultValue": "",
          "Description": "分享后点击文本后打开的地址"
        },
        {
          "ID": "image",
          "Name": "图片地址",
          "Type": "String",
          "Required": 0,
          "DefaultValue": "",
          "Description": "分享后显示的图片"
        },
        {
          "ID": "summary",
          "Name": "摘要",
          "Type": "String",
          "Required": 0,
          "DefaultValue": "",
          "Description": "分享的消息摘要，最长600个字"
        }
      ]
    }
  ]
}