﻿{
  "ID": "do_Audio",
  "IsContainer": "0",
  "Type": "SM",
  "Name": "音频播放与录制",
  "Version": "Internal",
  "Description": "播放音频，能支持播放本地和网络音频，可支持mp3格式，录制音频可支持mp3、amr、aac格式输出",
  "Icon": "https://deviceone.blob.core.chinacloudapi.cn/store/R/20150624/bc520ac0-5701-4ce9-9f9f-ca2b62e08fb0.png",
  "IOS": {
    "Support": 1,
    "MinVersion": "7.0"
  },
  "Android": {
    "Support": 1,
    "MinVersion": "14"
  },
  "Windows": {
    "Support": 1,
    "MinVersion": ""
  },
  "WindowsPhone": {
    "Support": 1,
    "MinVersion": "8.1"
  },
  "Html": {
    "Support": 1,
    "MinVersion": "5.0"
  },
  "Properties": [],
  "Events": [
    {
      "ID": "error",
      "Description": "音频播放、录音错误时触发",
      "ReturnType": "String",
      "ReturnDesc": ""
    },
    {
      "ID": "playFinished",
      "Description": "音频播放完后触发",
      "ReturnType": "String",
      "ReturnDesc": ""
    },
    {
      "ID": "playProgress",
      "Description": "",
      "ReturnType": "String",
      "ReturnDesc": "返回总时间和当前播放时间{currentTime,totalTime}"
    },
    {
      "ID": "recordFinished",
      "Description": "录音完后触发",
      "ReturnType": "String",
      "ReturnDesc": ""
    },
    {
      "ID": "recordProgress",
      "Description": "",
      "ReturnType": "String",
      "ReturnDesc": "返回总时间totalTime"
    }
  ],
  "syncMethodes": [
    {
      "ID": "pause",
      "Name": "暂停播放",
      "Description": "",
      "ReturnType": "Number",
      "ReturnDesc": "当前播放到第几秒",
      "Paras": []
    },
    {
      "ID": "play",
      "Name": "开始播放",
      "Description": "",
      "ReturnType": "",
      "ReturnDesc": "当前播放到第几秒",
      "Paras": [
        {
          "ID": "path",
          "Name": "播放文件源路径",
          "Type": "String",
          "Required": 1,
          "DefaultValue": "",
          "Description": "支持data://、source://和网络地址"
        },
        {
          "ID": "point",
          "Name": "播放起点",
          "Type": "Number",
          "Required": 0,
          "DefaultValue": "",
          "Description": "从最开始的第几秒"
        }
      ]
    },
    {
      "ID": "resume",
      "Name": "继续播放",
      "Description": "",
      "ReturnType": "",
      "ReturnDesc": "",
      "Paras": []
    },
    {
      "ID": "startRecord",
      "Name": "开始录音",
      "Description": "",
      "ReturnType": "Bool",
      "ReturnDesc": "成功返回true，失败返回false",
      "Paras": [
        {
          "ID": "path",
          "Name": "保存路径",
          "Type": "String",
          "Required": 1,
          "DefaultValue": "",
          "Description": "要保存的录音文件所在的目录,支持数据区data://"
        },
        {
          "ID": "type",
          "Name": "录音输出格式",
          "Type": "String",
          "Required": 0,
          "DefaultValue": "mp3",
          "Description": "选择录音输出的格式，支持mp3、amr、aac格式"
        },
        {
          "ID": "quality",
          "Name": "录音输出质量",
          "Type": "String",
          "Required": 0,
          "DefaultValue": "normal",
          "Description": "选择录音输出的质量，支持high、normal、low"
        },
        {
          "ID": "limit",
          "Name": "录音时长限制",
          "Type": "Number",
          "Required": 0,
          "DefaultValue": "-1",
          "Description": "录音的时长限制，以秒为单位，-1时表示不限制时长"
        }
      ]
    },
    {
      "ID": "stop",
      "Name": "停止播放",
      "Description": "",
      "ReturnType": "",
      "ReturnDesc": "",
      "Paras": []
    },
    {
      "ID": "stopRecord",
      "Name": "结束录音",
      "Description": "",
      "ReturnType": "String",
      "ReturnDesc": "返回录音文件保存的目录及文件名，文件名是一个随机生成的文件名",
      "Paras": []
    }
  ],
  "asyncMethodes": []
}