﻿{
  "ID": "do_Socket",
  "IsContainer": "0",
  "Type": "MM",
  "Name": "Socket请求服务",
  "Version": "Internal",
  "Description": "",
  "Icon": "https://deviceone.blob.core.chinacloudapi.cn/store/R/20150723/8cd649a0-a10a-4ad0-8042-d5fc702f005e.png",
  "IOS": {
    "Support": 1,
    "MinVersion": "7.0"
  },
  "Android": {
    "Support": 1,
    "MinVersion": "4.0"
  },
  "Windows": {
    "Support": 0,
    "MinVersion": ""
  },
  "WindowsPhone": {
    "Support": 0,
    "MinVersion": ""
  },
  "Html": {
    "Support": 1,
    "MinVersion": "5.0"
  },
  "Properties": [],
  "Events": [
    {
      "ID": "receive",
      "Description": "接收到socket返回的数据",
      "ReturnType": "String",
      "ReturnDesc": ""
    }
  ],
  "syncMethodes": [
    {
      "ID": "close",
      "Name": "关闭链接",
      "Description": "关闭链接",
      "ReturnType": "",
      "ReturnDesc": "",
      "Paras": []
    }
  ],
  "asyncMethodes": [
    {
      "ID": "connect",
      "Name": "连接",
      "Description": "连接socket server",
      "ReturnType": "Bool",
      "ReturnDesc": "是否连接成功",
      "Paras": [
        {
          "ID": "ip",
          "Name": "服务器ip",
          "Type": "String",
          "Required": 1,
          "DefaultValue": "",
          "Description": ""
        },
        {
          "ID": "port",
          "Name": "服务器端口号",
          "Type": "String",
          "Required": 1,
          "DefaultValue": "",
          "Description": ""
        }
      ]
    },
    {
      "ID": "send",
      "Name": "发送数据",
      "Description": "发送数据",
      "ReturnType": "Bool",
      "ReturnDesc": "数据是否发送成功",
      "Paras": [
        {
          "ID": "data",
          "Name": "数据",
          "Type": "String",
          "Required": 1,
          "DefaultValue": "",
          "Description": ""
        }
      ]
    }
  ]
}