﻿{
  "ID": "do_Notification",
  "IsContainer": "0",
  "Type": "SM",
  "Name": "通知类",
  "Version": "Internal",
  "Description": "各种方式提醒和通知用户",
  "Icon": "https://deviceone.blob.core.chinacloudapi.cn/store/R/20150723/4b65fbd9-a4e4-47b8-9527-c56f5baea31b.png",
  "IOS": {
    "Support": 1,
    "MinVersion": "iOS7.0"
  },
  "Android": {
    "Support": 1,
    "MinVersion": "4.0"
  },
  "Windows": {
    "Support": 1,
    "MinVersion": ""
  },
  "WindowsPhone": {
    "Support": 1,
    "MinVersion": "8.1"
  },
  "Html": {
    "Support": 1,
    "MinVersion": "5.0"
  },
  "Properties": [],
  "Events": [],
  "syncMethodes": [],
  "asyncMethodes": [
    {
      "ID": "alert",
      "Name": "弹出alert窗口",
      "Description": "通过alert来提示用户，alert是模态的，只有一个确定按钮",
      "ReturnType": "",
      "ReturnDesc": "",
      "Paras": [
        {
          "ID": "text",
          "Name": "alert窗口的正文",
          "Type": "String",
          "Required": 0,
          "DefaultValue": "",
          "Description": ""
        },
        {
          "ID": "title",
          "Name": "alert窗口的标题",
          "Type": "String",
          "Required": 0,
          "DefaultValue": "",
          "Description": ""
        }
      ]
    },
    {
      "ID": "confirm",
      "Name": "弹出confirm窗口",
      "Description": "confirm窗口有2个按钮，可以自定义按钮的文本内容",
      "ReturnType": "Number",
      "ReturnDesc": "1 表示点击了button1按钮2 表示点击了button2按钮",
      "Paras": [
        {
          "ID": "text",
          "Name": "confirm窗口的正文",
          "Type": "String",
          "Required": 0,
          "DefaultValue": "",
          "Description": ""
        },
        {
          "ID": "title",
          "Name": "confirm窗口的标题",
          "Type": "String",
          "Required": 0,
          "DefaultValue": "",
          "Description": ""
        },
        {
          "ID": "button1text",
          "Name": "左边按钮1的正文",
          "Type": "String",
          "Required": 0,
          "DefaultValue": "确定",
          "Description": ""
        },
        {
          "ID": "button2text",
          "Name": "右边按钮2的正文",
          "Type": "String",
          "Required": 0,
          "DefaultValue": "取消",
          "Description": ""
        }
      ]
    },
    {
      "ID": "toast",
      "Name": "弹出toast窗口",
      "Description": "支持类似Android的toast的方式，弹出一个提示框，但是很短时间内会自动消隐",
      "ReturnType": "",
      "ReturnDesc": "",
      "Paras": [
        {
          "ID": "text",
          "Name": "toast窗口的正文",
          "Type": "String",
          "Required": 0,
          "DefaultValue": "",
          "Description": ""
        }
      ]
    }
  ]
}