﻿{
  "ID": "do_Bluetooth",
  "IsContainer": "0",
  "Type": "SM",
  "Name": "蓝牙",
  "Version": "Internal",
  "Description": "使用蓝牙设备进行数据传输",
  "Icon": "https://deviceone.blob.core.chinacloudapi.cn/store/R/20150624/11ef3c66-066c-45ce-b3b6-46f1531d7208.png",
  "IOS": {
    "Support": 0,
    "MinVersion": ""
  },
  "Android": {
    "Support": 0,
    "MinVersion": ""
  },
  "Windows": {
    "Support": 0,
    "MinVersion": ""
  },
  "WindowsPhone": {
    "Support": 0,
    "MinVersion": ""
  },
  "Html": {
    "Support": 1,
    "MinVersion": "5.0"
  },
  "Properties": [],
  "Events": [
    {
      "ID": "receiveData",
      "Description": "接收数据",
      "ReturnType": "String",
      "ReturnDesc": "接收到的字符串"
    }
  ],
  "syncMethodes": [],
  "asyncMethodes": [
    {
      "ID": "close",
      "Name": "关闭蓝牙连接",
      "Description": "关闭蓝牙连接",
      "ReturnType": "Bool",
      "ReturnDesc": "true 成功  false 失败",
      "Paras": []
    },
    {
      "ID": "open",
      "Name": "打开蓝牙设置界面",
      "Description": "如果用户已经蓝牙配对成功就不进行任何操作，如果没配对成功，则打开蓝牙设置界面，用户进行蓝牙配对",
      "ReturnType": "Bool",
      "ReturnDesc": "打开蓝牙是否成功，true 成功  false 失败",
      "Paras": []
    },
    {
      "ID": "sendData",
      "Name": "发送数据",
      "Description": "向已经建立蓝牙连接的设备发送数据",
      "ReturnType": "Bool",
      "ReturnDesc": "true 成功  false 失败",
      "Paras": [
        {
          "ID": "data",
          "Name": "字符串",
          "Type": "String",
          "Required": 0,
          "DefaultValue": "",
          "Description": "发送的字符串"
        }
      ]
    },
    {
      "ID": "sendFile",
      "Name": "发送文件",
      "Description": "向已经建立蓝牙连接的设备发送文件",
      "ReturnType": "Bool",
      "ReturnDesc": "true 成功  false 失败",
      "Paras": [
        {
          "ID": "path",
          "Name": "文件路径",
          "Type": "String",
          "Required": 0,
          "DefaultValue": "",
          "Description": "传输文件路径,只支持本地文件"
        }
      ]
    }
  ]
}