﻿{
  "ID": "do_Http",
  "IsContainer": "0",
  "Type": "MM",
  "Name": "http/https请求服务",
  "Version": "Internal",
  "Description": "支持http/https请求服务",
  "Icon": "https://deviceone.blob.core.chinacloudapi.cn/store/R/20150624/e5b8db58-6878-4e5a-8b0c-ca170cb876e9.png",
  "IOS": {
    "Support": 1,
    "MinVersion": "iOS 7.0"
  },
  "Android": {
    "Support": 1,
    "MinVersion": "14"
  },
  "Windows": {
    "Support": 1,
    "MinVersion": ""
  },
  "WindowsPhone": {
    "Support": 1,
    "MinVersion": "8.1"
  },
  "Html": {
    "Support": 1,
    "MinVersion": "5.0"
  },
  "Properties": [
    {
      "ID": "body",
      "Name": "请求数据",
      "Type": "String",
      "DefaultValue": "",
      "EditType": "1",
      "Group": "",
      "Description": "请求数据（只有在请求方式为post有效）",
      "Design": {
        "Type": "Text",
        "Data": []
      }
    },
    {
      "ID": "contentType",
      "Name": "内容类型",
      "Type": "String",
      "DefaultValue": "text/html",
      "EditType": "1",
      "Group": "",
      "Description": "内容类型（只有在请求方式为post有效）",
      "Design": {
        "Type": "Text",
        "Data": []
      }
    },
    {
      "ID": "method",
      "Name": "请求方式",
      "Type": "String",
      "DefaultValue": "get",
      "EditType": "1",
      "Group": "",
      "Description": "http请求方式\\\"get\\\",\\\"post\\\"",
      "Design": {
        "Type": "Text",
        "Data": []
      }
    },
    {
      "ID": "timeout",
      "Name": "请求超时",
      "Type": "Number",
      "DefaultValue": "5000",
      "EditType": "1",
      "Group": "",
      "Description": "请求服务器超时时间,单位是毫秒",
      "Design": {
        "Type": "Text",
        "Data": []
      }
    },
    {
      "ID": "url",
      "Name": "地址",
      "Type": "String",
      "DefaultValue": "",
      "EditType": "1",
      "Group": "",
      "Description": "发送服务器请求地址",
      "Design": {
        "Type": "Text",
        "Data": []
      }
    }
  ],
  "Events": [
    {
      "ID": "fail",
      "Description": "请求出错事件",
      "ReturnType": "String",
      "ReturnDesc": "返回值包含两个节点{\"status\":\"http错误码\" ,\"message\":\"错误的信息\"}"
    },
    {
      "ID": "progress",
      "Description": "响应请求事件",
      "ReturnType": "String",
      "ReturnDesc": "返回值包含两个节点{\"currentSize\":\"1221\" ,\"totalSize\":\"23234245\"}，单位为kB"
    },
    {
      "ID": "success",
      "Description": "请求成功事件",
      "ReturnType": "String",
      "ReturnDesc": "返回http接收到的数据"
    }
  ],
  "syncMethodes": [
    {
      "ID": "download",
      "Name": "下载",
      "Description": "下载文件",
      "ReturnType": "Node",
      "ReturnDesc": "返回下载情况，当前进度和总体进度{currentSize:'1212.22',totalSize:'232532.3'}，单位为kB",
      "Paras": [
        {
          "ID": "path",
          "Name": "保存地址",
          "Type": "String",
          "Required": 1,
          "DefaultValue": "",
          "Description": "下载到本地的文件的全路径，只支持data://"
        }
      ]
    },
    {
      "ID": "request",
      "Name": "发送请求",
      "Description": "",
      "ReturnType": "",
      "ReturnDesc": "",
      "Paras": []
    },
    {
      "ID": "upload",
      "Name": "上传",
      "Description": "上传文件",
      "ReturnType": "Node",
      "ReturnDesc": "返回上传情况，当前进度和总体进度{currentSize:'1212.22',totalSize:'232532.3'}，单位为kB",
      "Paras": [
        {
          "ID": "path",
          "Name": "源地址",
          "Type": "String",
          "Required": 1,
          "DefaultValue": "",
          "Description": "需要上传的源文件地址，可以是data://和source://"
        },
        {
          "ID": "name",
          "Name": "名称",
          "Type": "String",
          "Required": 0,
          "DefaultValue": "",
          "Description": "定义input元素的名称"
        }
      ]
    }
  ],
  "asyncMethodes": []
}