[
    {
        "id": "246668451",
        "photo": "http://musicdata.baidu.com/data2/pic/246668451/246668451.jpg",
        "name": "王非",
        "lastmessage": {
            "time": "18:09",
            "message": "王非:听好啦我在想你啦边啦啦啦啦啦啦"
        },
        "unread-count":21,
        "unread":true,
        "isgroup":"000000FF",
        "template":0,
        "rightTemplate":1
    },
    {
        "id": "246584653",
        "photo": "http://musicdata.baidu.com/data2/pic/246584653/246584653.jpg",
        "name": "TF小孩",
        "lastmessage": {
            "time": "18:01",
            "message": "[动画表情]"
        },
        "unread":false,
        "isgroup":"000000FF",
        "template":0,
        "rightTemplate":1
    },
    {
        "id": "246584877",
        "photo": "http://musicdata.baidu.com/data2/pic/246584877/246584877.jpg",
        "name": "鸳鸯传奇",
        "lastmessage": {
            "time": "12:01",
            "message": "切克闹切开老"
        },
        "unread":false,
        "isgroup":"576B95FF",
        "template":0,
        "rightTemplate":1
    },
    {
        "id": "246871658",
        "photo": "http://musicdata.baidu.com/data2/pic/246871658/246871658.jpg",
        "name": "李贱",
        "lastmessage": {
            "time": "11:22",
            "message": "李贱:需要资金周转吗？"
        },
        "unread":false,
        "isgroup":"000000FF",
        "template":0,
        "rightTemplate":1
    },
    {
        "id": "246707419",
        "photo": "http://musicdata.baidu.com/data2/pic/246707419/246707419.jpg",
        "name": "邓美丽",
        "lastmessage": {
            "time": "10:02",
            "message": "月亮代表我的心,教我思念到如今,你问我爱你有多深,我爱你有几分"
        },
        "unread":false,
        "isgroup":"000000FF",
        "template":0,
        "rightTemplate":1
    },
    {
        "id": "246707145",
        "photo": "http://musicdata.baidu.com/data2/pic/246707145/246707145.jpg",
        "name": "陈小二",
        "lastmessage": {
            "time": "03:43",
            "message": "陈小二:上门服务,免费洗车,成为会员免费洗三次"
        },
        "unread-count":1,
        "unread":true,
        "isgroup":"000000FF",
        "template":0,
        "rightTemplate":1
    },
    {
        "id": "246667246",
        "photo": "http://musicdata.baidu.com/data2/pic/246667246/246667246.jpg",
        "name": "巧克力广告",
        "lastmessage": {
            "time": "昨天",
            "message": "你挺熟悉的,就是一下想不起名字,就记得你的广告"
        },
        "unread":false,
        "isgroup":"000000FF",
        "template":0,
        "rightTemplate":1
    },
    {
        "id": "246668011",
        "photo": "http://musicdata.baidu.com/data2/pic/246668011/246668011.jpg",
        "name": "Brother",
        "lastmessage": {
            "time": "昨天",
            "message": "[链接]CSDN:DeviceOne就是好来就是好"
        },
        "unread":false,
        "isgroup":"000000FF",
        "template":0,
        "rightTemplate":1
    },
    {
        "id": "246669558",
        "photo": "http://musicdata.baidu.com/data2/pic/246669558/246669558.jpg",
        "name": "俺洪七",
        "lastmessage": {
            "time": "昨天",
            "message": "表妹,表妹"
        },
        "unread":false,
        "isgroup":"000000FF",
        "template":0,
        "rightTemplate":1
    },
    {
        "id": "246709914",
        "photo": "http://musicdata.baidu.com/data2/pic/246709914/246709914.jpg",
        "name": "帅哥",
        "lastmessage": {
            "time": "昨天",
            "message": "[视频聊天]"
        },
        "unread":false,
        "isgroup":"000000FF",
        "template":0,
        "rightTemplate":1
    },
    {
        "id": "246667426",
        "photo": "http://musicdata.baidu.com/data2/pic/246667426/246667426.jpg",
        "name": "看不清",
        "lastmessage": {
            "time": "星期一",
            "message": "[链接]网易:DeviceOne用户剧增,达到兆级别"
        },
        "unread":false,
        "isgroup":"000000FF",
        "template":0,
        "rightTemplate":1
    },
    {
        "id": "246668401",
        "photo": "http://musicdata.baidu.com/data2/pic/246668401/246668401.jpg",
        "name": "校长",
        "lastmessage": {
            "time": "星期一",
            "message": "校长:小妹妹,小妹妹,约不"
        },
        "unread-count":92,
        "unread":true,
        "isgroup":"000000FF",
        "template":0,
        "rightTemplate":1
    },
    {
        "id": "114650346",
        "photo": "http://musicdata.baidu.com/data2/pic/114650346/114650346.jpg",
        "name": "不认识",
        "lastmessage": {
            "time": "星期一",
            "message": "不认识:顺风,开门,开门,再不开门我们用炮了哦"
        },
        "unread":false,
        "isgroup":"576B95FF",
        "template":0,
        "rightTemplate":1
    },
    {
        "id": "246667462",
        "photo": "http://musicdata.baidu.com/data2/pic/246667462/246667462.jpg",
        "name": "还是不认识不认识",
        "lastmessage": {
            "time": "星期一",
            "message": "还是不认识:亲,开门吧,不认识没关系 ,一回生二回熟"
        },
        "unread":false,
        "isgroup":"000000FF",
        "template":0,
        "rightTemplate":1
    },
    {
        "id": "115293099",
        "photo": "http://musicdata.baidu.com/data2/pic/115293099/115293099.jpg",
        "name": "还是看不清",
        "lastmessage": {
            "time": "15/09/07",
            "message": "看不清,你谁啊"
        },
        "unread":false,
        "isgroup":"000000FF",
        "template":0,
        "rightTemplate":1
    },
    {
        "id": "246708064",
        "photo": "http://musicdata.baidu.com/data2/pic/246708064/246708064.jpg",
        "name": "小眼睛",
        "lastmessage": {
            "time": "15/09/07",
            "message": "[视频聊天]"
        },
        "unread":false,
        "isgroup":"000000FF",
        "template":0,
        "rightTemplate":1
    },
    {
        "id": "246586254",
        "photo": "http://musicdata.baidu.com/data2/pic/246586254/246586254.jpg",
        "name": "砍人的",
        "lastmessage": {
            "time": "15/09/05",
            "message": "你手艺不行啊,人没砍死,你还想收钱,换人"
        },
        "unread":false,
        "isgroup":"000000FF",
        "template":0,
        "rightTemplate":1
    }
]