[{"id":"do_Album","platform":"Android, iOS, WindowsPhone, WindowsPC","version":"2.3"},{"id":"do_Algorithm","platform":"Android, iOS, WindowsPhone, WindowsPC","version":"1.3"},{"id":"do_Alipay","platform":"Android, iOS","version":"1.4"},{"id":"do_Animator","platform":"Android, iOS, WindowsPhone, WindowsPC","version":"1.3"},{"id":"do_AppleIAP","platform":"iOS","version":"1.0"},{"id":"do_AssistiveTouch","platform":"Android, iOS, WindowsPhone, WindowsPC","version":"1.1"},{"id":"do_Audio","platform":"Android, iOS, WindowsPhone, WindowsPC","version":"1.5"},{"id":"do_BaiduLocation","platform":"Android, iOS","version":"2.2"},{"id":"do_BaiduMapView","platform":"Android, iOS","version":"1.4"},{"id":"do_BaiduPush","platform":"Android, iOS","version":"1.9"},{"id":"do_BarcodeView","platform":"Android, iOS, WindowsPhone, WindowsPC","version":"2.0"},{"id":"do_Button","platform":"Android, iOS, WindowsPhone, WindowsPC","version":"2.4"},{"id":"do_Camera","platform":"Android, iOS, WindowsPhone, WindowsPC","version":"2.3"},{"id":"do_CheckBox","platform":"Android, iOS, WindowsPhone, WindowsPC","version":"1.3"},{"id":"do_ComboBox","platform":"Android, iOS, WindowsPhone, WindowsPC","version":"2.1"},{"id":"do_DataCache","platform":"Android, iOS, WindowsPhone, WindowsPC","version":"1.7"},{"id":"do_DateTimePicker","platform":"Android, iOS, WindowsPhone, WindowsPC","version":"1.8"},{"id":"do_Device","platform":"Android, iOS, WindowsPhone, WindowsPC","version":"2.4"},{"id":"do_ExpandableListView","platform":"Android, iOS, WindowsPhone, WindowsPC","version":"1.3"},{"id":"do_External","platform":"Android, iOS, WindowsPhone, WindowsPC","version":"2.2"},{"id":"do_FragmentView","platform":"Android, iOS, WindowsPhone, WindowsPC","version":"1.3"},{"id":"do_FrameAnimationView","platform":"Android, iOS","version":"1.5"},{"id":"do_GridView","platform":"Android, iOS, WindowsPhone, WindowsPC","version":"2.6"},{"id":"do_HashData","platform":"Android, iOS, WindowsPhone, WindowsPC","version":"1.9"},{"id":"do_Http","platform":"Android, iOS, WindowsPhone, WindowsPC","version":"3.2"},{"id":"do_HuanXinIM","platform":"Android, iOS","version":"3.3"},{"id":"do_iFlyVoice","platform":"Android, iOS","version":"1.3"},{"id":"do_ImageBrowser","platform":"Android, iOS, WindowsPhone, WindowsPC","version":"2.5"},{"id":"do_ImageView","platform":"Android, iOS, WindowsPhone, WindowsPC","version":"3.1"},{"id":"do_IndexListView","platform":"Android, iOS, WindowsPhone, WindowsPC","version":"2.1"},{"id":"do_Label","platform":"Android, iOS, WindowsPhone, WindowsPC","version":"2.5"},{"id":"do_ListData","platform":"Android, iOS, WindowsPhone, WindowsPC","version":"2.0"},{"id":"do_ListView","platform":"Android, iOS, WindowsPhone, WindowsPC","version":"3.8"},{"id":"do_MarqueeLabel","platform":"Android, iOS, WindowsPhone, WindowsPC","version":"1.3"},{"id":"do_MultiSelectComboBox","platform":"Android, iOS, WindowsPhone, WindowsPC","version":"1.4"},{"id":"do_Network","platform":"Android, iOS, WindowsPhone, WindowsPC","version":"1.9"},{"id":"do_Notification","platform":"Android, iOS, WindowsPhone, WindowsPC","version":"2.8"},{"id":"do_Picker","platform":"Android, iOS","version":"1.1"},{"id":"do_ProgressBar","platform":"Android, iOS, WindowsPhone, WindowsPC","version":"1.8"},{"id":"do_ProgressBar1","platform":"Android, iOS, WindowsPhone, WindowsPC","version":"1.1"},{"id":"do_ProgressBar2","platform":"Android, iOS","version":"1.2"},{"id":"do_RichLabel","platform":"Android, iOS","version":"1.4"},{"id":"do_SangforVPN","platform":"Android","version":"1.0"},{"id":"do_ScrollView","platform":"Android, iOS, WindowsPhone, WindowsPC","version":"3.3"},{"id":"do_SegmentView","platform":"Android, iOS, WindowsPhone, WindowsPC","version":"2.3"},{"id":"do_SinaWeiBo","platform":"Android, iOS","version":"2.0"},{"id":"do_SlideListView","platform":"Android, iOS","version":"1.5"},{"id":"do_SlideView","platform":"Android, iOS, WindowsPhone, WindowsPC","version":"3.2"},{"id":"do_Socket","platform":"Android, iOS","version":"1.2"},{"id":"do_SQLite","platform":"Android, iOS, WindowsPhone, WindowsPC","version":"1.9"},{"id":"do_SwitchView","platform":"Android, iOS, WindowsPhone, WindowsPC","version":"1.9"},{"id":"do_TencentQQ","platform":"Android, iOS","version":"2.3"},{"id":"do_TencentWX","platform":"Android, iOS","version":"2.2"},{"id":"do_TextBox","platform":"Android, iOS, WindowsPhone, WindowsPC","version":"3.0"},{"id":"do_TextField","platform":"Android, iOS, WindowsPhone, WindowsPC","version":"3.4"},{"id":"do_Timer","platform":"Android, iOS, WindowsPhone, WindowsPC","version":"2.2"},{"id":"do_UMengAnalytics","platform":"Android, iOS","version":"1.2"},{"id":"do_VerticalSlideView","platform":"Android, iOS, WindowsPhone, WindowsPC","version":"1.0"},{"id":"do_VideoView","platform":"Android, iOS, WindowsPhone, WindowsPC","version":"1.1"},{"id":"do_ViewShower","platform":"Android, iOS, WindowsPhone, WindowsPC","version":"1.8"}]