﻿{
  "ID": "do_IndexListView",
  "IsContainer": "0",
  "Type": "UI",
  "Name": "带索引的ListView",
  "Version": "Internal",
  "Description": "带索引的ListView",
  "Icon": "https://deviceone.blob.core.chinacloudapi.cn/store/R/20150723/97bba17b-e395-47f4-9096-270107c852d4.png",
  "IOS": {
    "Support": 1,
    "MinVersion": "7"
  },
  "Android": {
    "Support": 1,
    "MinVersion": "14"
  },
  "Windows": {
    "Support": 0,
    "MinVersion": ""
  },
  "WindowsPhone": {
    "Support": 0,
    "MinVersion": ""
  },
  "Html": {
    "Support": 1,
    "MinVersion": "5.0"
  },
  "Properties": [
    {
      "ID": "selectedColor",
      "Name": "Cell选中的背景颜色",
      "Type": "String",
      "DefaultValue": "ffffff00",
      "EditType": "0",
      "Group": "",
      "Description": "",
      "Design": {
        "Type": "Color",
        "Data": []
      }
    },
    {
      "ID": "templates",
      "Name": "Cell对应的模板UI文件组",
      "Type": "String",
      "DefaultValue": "",
      "EditType": "0",
      "Group": "",
      "Description": "一个ListView可以有多个cell模板，这个属性是一个json array，每一个元素都是一个source ui文件。\\r\\n这个属性的格式类似如下：\\r\\n[\\\"source://view/cell1.ui\\\",\\\"source://view/cell2.ui\\\",\\\"source://view/cell3.ui]",
      "Design": {
        "Type": "Text",
        "Data": []
      }
    }
  ],
  "Events": [
    {
      "ID": "longTouch",
      "Description": "长按cell触发",
      "ReturnType": "Node",
      "ReturnDesc": "返回data中的groupID和group下的数据index，比如['groudID':'A','index':'2']"
    },
    {
      "ID": "touch",
      "Description": "点击cell触发",
      "ReturnType": "Node",
      "ReturnDesc": "返回data中的groupID和group下的数据index，比如['groudID':'A','index':'2']"
    }
  ],
  "syncMethodes": [
    {
      "ID": "bindItems",
      "Name": "绑定item的数据",
      "Description": "可绑定hashDatad实例",
      "ReturnType": "",
      "ReturnDesc": "",
      "Paras": [
        {
          "ID": "data",
          "Name": "数据",
          "Type": "Node",
          "Required": 1,
          "DefaultValue": "",
          "Description": "比如{'A':[{'template':0,'text':'a1'},{'template':1,'text':'a2'}],'B':[{'template':0,'text':'b1'},{'template':1,'text':'b2'}]}，其中每个group下第一条数据表示分组信息，不可点击"
        },
        {
          "ID": "indexs",
          "Name": "索引的数组",
          "Type": "Node",
          "Required": 0,
          "DefaultValue": "",
          "Description": "比如['A','B','C'],indexlistview 会按照该索引的数组按顺序显示数据"
        }
      ]
    },
    {
      "ID": "refreshItems",
      "Name": "刷新item数据",
      "Description": "",
      "ReturnType": "",
      "ReturnDesc": "",
      "Paras": []
    }
  ],
  "asyncMethodes": []
}