{
    "SM":[
        {
            "MSG":"应用类",
            "NAME":"do_App",
	    "IMG":"source://image/sm/App.png",
            "TYPE":"SM",
            "VERSION":"1.0.0"
        },{
            "MSG":"应用全局类",
            "NAME":"do_Global",
	    "IMG":"source://image/sm/Global.png",
            "TYPE":"SM",
            "VERSION":"1.0.0"
        },{
            "MSG":"Page",
            "NAME":"do_Page",
	    "IMG":"source://image/sm/Page.png",
            "TYPE":"SM",
            "VERSION":"1.0.0"
        },{
            "MSG":"文件管理类",
            "NAME":"do_Storage",
	    "IMG":"source://image/sm/Storage.png",
            "TYPE":"SM",
            "VERSION":"1.0.0"
        },{
            "MSG":"相册",
            "NAME":"do_Album",
	    "IMG":"source://image/sm/Album.png",
            "TYPE":"SM",
            "VERSION":"1.0.0"
        },{
            "MSG":"定位服务",
            "NAME":"do_BaiduLocation",
	    "IMG":"source://image/sm/BaiduLocation.png",
            "TYPE":"SM",
            "VERSION":"1.0.0"
        },{
            "MSG":"照相类",
            "NAME":"do_Camera",
	    "IMG":"source://image/sm/Camera.png",
            "TYPE":"SM",
            "VERSION":"1.0.0"
        },{
            "MSG":"设备的信息环境类",
            "NAME":"do_Device",
	    "IMG":"source://image/sm/Device.png",
            "TYPE":"SM",
            "VERSION":"1.0.0"
        },{
            "MSG":"启动外部应用",
            "NAME":"do_External",
	    "IMG":"source://image/sm/External.png",
            "TYPE":"SM",
            "VERSION":"1.0.0"
        },{
            "MSG":"图片预览",
            "NAME":"do_ImageBrowser",
	    "IMG":"source://image/sm/ImageBrowser.png",
            "TYPE":"SM",
            "VERSION":"1.0.0"
        },{
            "MSG":"网络状态类",
            "NAME":"do_Network",
	    "IMG":"source://image/sm/Network.png",
            "TYPE":"SM",
            "VERSION":"1.0.0"
        },{
            "MSG":"通知类",
            "NAME":"do_Notification",
	    "IMG":"source://image/sm/Notification.png",
            "TYPE":"SM",
            "VERSION":"1.0.0"
        }
    ],
    "MM":[
        {
            "MSG":"动画组合",
            "NAME":"do_Animation",
	    "IMG":"source://image/mm/Animation.png",
            "TYPE":"MM",
            "VERSION":"1.0.0"
        },{
            "MSG":"hash数据源",
            "NAME":"do_HashData",
	    "IMG":"source://image/mm/HashData.png",
            "TYPE":"MM",
            "VERSION":"1.0.0"
        },{
            "MSG":"http(s)请求服务",
            "NAME":"do_Http",
	    "IMG":"source://image/mm/Http.png",
            "TYPE":"MM",
            "VERSION":"1.0.0"
        },{
            "MSG":"列表数据源",
            "NAME":"do_ListData",
	    "IMG":"source://image/mm/ListData.png",
            "TYPE":"MM",
            "VERSION":"1.0.0"
        },{
            "MSG":"SQLite3数据库",
            "NAME":"do_SQLite",
	    "IMG":"source://image/mm/SQLite.png",
            "TYPE":"MM",
            "VERSION":"1.0.0"
        },{
            "MSG":"定时器",
            "NAME":"do_Timer",
	    "IMG":"source://image/mm/Timer.png",
            "TYPE":"MM",
            "VERSION":"1.0.0"
        }
    ],
    "UI":[
        {
            "MSG":"按钮控件",
            "NAME":"do_Button",
	    "IMG":"source://image/ui/Button.png",
            "TYPE":"UI",
            "VERSION":"1.0.0"
        },{
            "MSG":"网页视图控件",
            "NAME":"do_WebView",
	    "IMG":"source://image/ui/Webview.png",
            "TYPE":"UI",
            "VERSION":"1.0.0"
        },{
            "MSG":"Grid视图",
            "NAME":"do_GridView",
	    "IMG":"source://image/ui/GridView.png",
            "TYPE":"UI",
            "VERSION":"1.0.0"
        },{
            "MSG":"图片控件",
            "NAME":"do_ImageView",
	    "IMG":"source://image/ui/ImageView.png",
            "TYPE":"UI",
            "VERSION":"1.0.0"
        },{
            "MSG":"标签框",
            "NAME":"do_Label",
	    "IMG":"source://image/ui/Label.png",
            "TYPE":"UI",
            "VERSION":"1.0.0"
        },{
            "MSG":"List视图",
            "NAME":"do_ListView",
	    "IMG":"source://image/ui/ListView.png",
            "TYPE":"UI",
            "VERSION":"1.0.0"
        },{
            "MSG":"进度条",
            "NAME":"do_ProgressBar",
	    "IMG":"source://image/ui/ProgressBar.png",
            "TYPE":"UI",
            "VERSION":"1.0.0"
        },{
            "MSG":"滚动视图",
            "NAME":"do_ScrollView",
	    "IMG":"source://image/ui/ScrollView.png",
            "TYPE":"UI",
            "VERSION":"1.0.0"
        },{
            "MSG":"滑动视图",
            "NAME":"do_SlideView",
	    "IMG":"source://image/ui/SlideView.png",
            "TYPE":"UI",
            "VERSION":"1.0.0"
        },{
            "MSG":"开关",
            "NAME":"do_SwitchView",
	    "IMG":"source://image/ui/SwitchView.png",
            "TYPE":"UI",
            "VERSION":"1.0.0"
        },{
            "MSG":"多行文本编辑框",
            "NAME":"do_TextBox",
	    "IMG":"source://image/ui/TextBox.png",
            "TYPE":"UI",
            "VERSION":"1.0.0"
        },{
            "MSG":"单行文本编辑框",
            "NAME":"do_TextField",
	    "IMG":"source://image/ui/TextField.png",
            "TYPE":"UI",
            "VERSION":"1.0.0"
        },{
            "MSG":"过场动画效果",
            "NAME":"do_ViewShower",
	    "IMG":"source://image/ui/ViewShower.png",
            "TYPE":"UI",
            "VERSION":"1.0.0"
        }
    ]
}