[
    {
        "template":0,
        "InforTime":"2015-05-06 16:18:11",
        "InforReply":"0",
        "NickName":"User0",
        "InforType0":"source://image/listview/7.png",
        "InforDescribe":"DeviceOne是一个专业的移动应用开发平台，它可以帮助我们重用原生代码、提高开发效率、降低开发成本、让普通的程序员也可以轻松生成具备原生体验效果的高品质App。"
    },{
    "template":1,
    "InforReply":"0",
    "NickName":"User1",
    "InforDescribe":"DeviceOne是一个专业的移动应用开发平台，它可以帮助我们重用原生代码、提高开发效率、降低开发成本、让普通的程序员也可以轻松生成具备原生体验效果的高品质App。",
    "InforTime":"2015-05-06 15:04:30",
    "InforType0":"source://image/listview/6.png",
    "InforImage0":"source://image/listview/15.png",
    "InforImage0V":true,
    "InforImage1V":false,
    "InforImage2V":false
},{
    "template":1,
    "InforReply":"0",
    "NickName":"User1",
    "InforDescribe":"DeviceOne是一个专业的移动应用开发平台，它可以帮助我们重用原生代码、提高开发效率、降低开发成本、让普通的程序员也可以轻松生成具备原生体验效果的高品质App。",
    "InforType0":"source://image/listview/6.png",
    "InforTime":"2015-05-06 15:04:30",
    "InforImage0":"source://image/listview/16.png",
    "InforImage1":"source://image/listview/17.png",
    "InforImage0V":true,
    "InforImage1V":true,
    "InforImage2V":false
},{
    "template":1,
    "InforReply":"0",
    "NickName":"User1",
    "InforDescribe":"DeviceOne是一个专业的移动应用开发平台，它可以帮助我们重用原生代码、提高开发效率、降低开发成本、让普通的程序员也可以轻松生成具备原生体验效果的高品质App。",
    "InforType0":"source://image/listview/7.png",
    "InforTime":"2015-05-06 15:04:30",
    "InforImage0":"source://image/listview/19.png",
    "InforImage1":"source://image/listview/20.png",
    "InforImage2":"source://image/listview/12.png",
    "InforImage0V":true,
    "InforImage1V":true,
    "InforImage2V":true
},
    {
        "template":2,
        "InforReply":"0",
        "NickName":"User2",
        "InforDescribe":"DeviceOne是一个专业的移动应用开发平台，它可以帮助我们重用原生代码、提高开发效率、降低开发成本、让普通的程序员也可以轻松生成具备原生体验效果的高品质App。",
        "InforType0":"source://image/listview/6.png",
        "InforTime":"2015-05-06 15:04:30",
        "InforImage0":"source://image/listview/13.png",
        "InforImage1":"source://image/listview/20.png",
        "InforImage2":"source://image/listview/15.png",
        "InforImage3":"source://image/listview/16.png",
        "InforImage0V":true,
        "InforImage1V":true,
        "InforImage2V":true,
        "InforImage3V":true,
        "InforImage4V":false,
        "InforImage5V":false
    },
    {
        "template":2,
        "InforReply":"0",
        "NickName":"User2",
        "InforDescribe":"DeviceOne是一个专业的移动应用开发平台，它可以帮助我们重用原生代码、提高开发效率、降低开发成本、让普通的程序员也可以轻松生成具备原生体验效果的高品质App。",
        "InforTime":"2015-05-06 15:04:30",
        "InforType0":"source://image/listview/7.png",
        "InforImage0":"source://image/listview/15.png",
        "InforImage1":"source://image/listview/13.png",
        "InforImage2":"source://image/listview/16.png",
        "InforImage3":"source://image/listview/17.png",
        "InforImage4":"source://image/listview/18.png",
        "InforImage0V":true,
        "InforImage1V":true,
        "InforImage2V":true,
        "InforImage3V":true,
        "InforImage4V":true,
        "InforImage5V":false
    },
    {
        "template":2,
        "InforReply":"0",
        "NickName":"User2",
        "InforDescribe":"DeviceOne是一个专业的移动应用开发平台，它可以帮助我们重用原生代码、提高开发效率、降低开发成本、让普通的程序员也可以轻松生成具备原生体验效果的高品质App。",
        "InforTime":"2015-05-06 15:04:30",
        "InforType0":"source://image/listview/7.png",
        "InforImage0":"source://image/listview/19.png",
        "InforImage1":"source://image/listview/20.png",
        "InforImage2":"source://image/listview/15.png",
        "InforImage3":"source://image/listview/16.png",
        "InforImage4":"source://image/listview/18.png",
        "InforImage5":"source://image/listview/17.png",
        "InforImage0V":true,
        "InforImage1V":true,
        "InforImage2V":true,
        "InforImage3V":true,
        "InforImage4V":true,
        "InforImage5V":true
    },
    {
        "template":3,
        "InforReply":"0",
        "NickName":"User3",
        "InforDescribe":"DeviceOne是一个专业的移动应用开发平台，它可以帮助我们重用原生代码、提高开发效率、降低开发成本、让普通的程序员也可以轻松生成具备原生体验效果的高品质App。",
        "InforTime":"2015-05-06 15:04:30",
        "InforType0":"source://image/listview/6.png",
        "InforImage0":"source://image/listview/12.png",
        "InforImage1":"source://image/listview/16.png",
        "InforImage2":"source://image/listview/15.png",
        "InforImage3":"source://image/listview/19.png",
        "InforImage4":"source://image/listview/20.png",
        "InforImage5":"source://image/listview/18.png",
        "InforImage6":"source://image/listview/13.png",
        "InforImage0V":true,
        "InforImage1V":true,
        "InforImage2V":true,
        "InforImage3V":true,
        "InforImage4V":true,
        "InforImage5V":true,
        "InforImage6V":true,
        "InforImage7V":false,
        "InforImage8V":false
    },
    {
        "template":3,
        "InforReply":"0",
        "NickName":"User3",
        "InforDescribe":"DeviceOne是一个专业的移动应用开发平台，它可以帮助我们重用原生代码、提高开发效率、降低开发成本、让普通的程序员也可以轻松生成具备原生体验效果的高品质App。",
        "InforTime":"2015-05-06 15:04:30",
        "InforType0":"source://image/listview/6.png",
        "InforImage0":"source://image/listview/13.png",
        "InforImage1":"source://image/listview/15.png",
        "InforImage2":"source://image/listview/12.png",
        "InforImage3":"source://image/listview/16.png",
        "InforImage4":"source://image/listview/19.png",
        "InforImage5":"source://image/listview/17.png",
        "InforImage6":"source://image/listview/20.png",
        "InforImage7":"source://image/listview/18.png",
        "InforImage0V":true,
        "InforImage1V":true,
        "InforImage2V":true,
        "InforImage3V":true,
        "InforImage4V":true,
        "InforImage5V":true,
        "InforImage6V":true,
        "InforImage7V":true,
        "InforImage8V":false
    },
    {
        "template":3,
        "InforReply":"0",
        "NickName":"User3",
        "InforDescribe":"DeviceOne是一个专业的移动应用开发平台，它可以帮助我们重用原生代码、提高开发效率、降低开发成本、让普通的程序员也可以轻松生成具备原生体验效果的高品质App。",
        "InforTime":"2015-05-06 15:04:30",
        "InforType0":"source://image/listview/7.png",
        "InforImage0":"source://image/listview/12.png",
        "InforImage1":"source://image/listview/13.png",
        "InforImage2":"source://image/listview/18.png",
        "InforImage3":"source://image/listview/15.png",
        "InforImage4":"source://image/listview/16.png",
        "InforImage5":"source://image/listview/17.png",
        "InforImage6":"source://image/listview/18.png",
        "InforImage7":"source://image/listview/19.png",
        "InforImage8":"source://image/listview/20.png",
        "InforImage0V":true,
        "InforImage1V":true,
        "InforImage2V":true,
        "InforImage3V":true,
        "InforImage4V":true,
        "InforImage5V":true,
        "InforImage6V":true,
        "InforImage7V":true,
        "InforImage8V":true
    }
]