[{"id":"do_Album","platform":"Android, iOS, WindowsPhone, WindowsPC","version":"2.1"},{"id":"do_Button","platform":"Android, iOS, WindowsPhone, WindowsPC","version":"2.2"},{"id":"do_Camera","platform":"Android, iOS, WindowsPhone, WindowsPC","version":"2.2"},{"id":"do_DataCache","platform":"Android, iOS, WindowsPhone, WindowsPC","version":"1.7"},{"id":"do_Device","platform":"Android, iOS, WindowsPhone, WindowsPC","version":"2.3"},{"id":"do_External","platform":"Android, iOS, WindowsPhone, WindowsPC","version":"2.2"},{"id":"do_GridView","platform":"Android, iOS, WindowsPhone, WindowsPC","version":"2.5"},{"id":"do_HashData","platform":"Android, iOS, WindowsPhone, WindowsPC","version":"1.8"},{"id":"do_Http","platform":"Android, iOS, WindowsPhone, WindowsPC","version":"3.1"},{"id":"do_ImageBrowser","platform":"Android, iOS, WindowsPhone, WindowsPC","version":"2.4"},{"id":"do_ImageView","platform":"Android, iOS, WindowsPhone, WindowsPC","version":"2.8"},{"id":"do_Label","platform":"Android, iOS, WindowsPhone, WindowsPC","version":"2.5"},{"id":"do_ListData","platform":"Android, iOS, WindowsPhone, WindowsPC","version":"1.8"},{"id":"do_ListView","platform":"Android, iOS, WindowsPhone, WindowsPC","version":"3.2"},{"id":"do_Network","platform":"Android, iOS, WindowsPhone, WindowsPC","version":"1.9"},{"id":"do_Notification","platform":"Android, iOS, WindowsPhone, WindowsPC","version":"2.4"},{"id":"do_ProgressBar","platform":"Android, iOS, WindowsPhone, WindowsPC","version":"1.8"},{"id":"do_ScrollView","platform":"Android, iOS, WindowsPhone, WindowsPC","version":"2.8"},{"id":"do_SlideView","platform":"Android, iOS, WindowsPhone, WindowsPC","version":"3.1"},{"id":"do_SQLite","platform":"Android, iOS, WindowsPhone, WindowsPC","version":"1.9"},{"id":"do_SwitchView","platform":"Android, iOS, WindowsPhone, WindowsPC","version":"1.8"},{"id":"do_TextBox","platform":"Android, iOS, WindowsPhone, WindowsPC","version":"2.7"},{"id":"do_TextField","platform":"Android, iOS, WindowsPhone, WindowsPC","version":"2.7"},{"id":"do_Timer","platform":"Android, iOS, WindowsPhone, WindowsPC","version":"2.2"},{"id":"do_ViewShower","platform":"Android, iOS, WindowsPhone, WindowsPC","version":"1.8"}]