﻿{
  "ID": "do_ProgressBar",
  "IsContainer": "0",
  "Type": "UI",
  "Name": "进度条",
  "Version": "Internal",
  "Description": "",
  "Icon": "https://deviceone.blob.core.chinacloudapi.cn/store/R/20150617/28474b34-7e50-4bd1-ab0d-224eab0a62a4.png",
  "IOS": {
    "Support": 1,
    "MinVersion": "7.0"
  },
  "Android": {
    "Support": 1,
    "MinVersion": "14"
  },
  "Windows": {
    "Support": 1,
    "MinVersion": ""
  },
  "WindowsPhone": {
    "Support": 1,
    "MinVersion": "8.1"
  },
  "Html": {
    "Support": 1,
    "MinVersion": "5.0"
  },
  "Properties": [
    {
      "ID": "progress",
      "Name": "进度值",
      "Type": "Number",
      "DefaultValue": "",
      "EditType": "1",
      "Group": "",
      "Description": "设置进度值，取值范围是0-100的浮点值",
      "Design": {
        "Type": "Text",
        "Data": []
      }
    },
    {
      "ID": "style",
      "Name": "进度条样式",
      "Type": "String",
      "DefaultValue": "normal",
      "EditType": "0",
      "Group": "",
      "Description": "进度条样式可以是以下几种类型：horizontal,large,small,normal",
      "Design": {
        "Type": "List",
        "Data": [
          {
            "id": "horizontal",
            "value": "水平"
          },
          {
            "id": "large",
            "value": "大"
          },
          {
            "id": "small",
            "value": "小"
          },
          {
            "id": "normal",
            "value": "普通"
          }
        ]
      }
    }
  ],
  "Events": [],
  "syncMethodes": [],
  "asyncMethodes": []
}