﻿{
  "ID": "do_FragmentView",
  "IsContainer": "0",
  "Type": "UI",
  "Name": "多页面滑动视图",
  "Version": "Internal",
  "Description": "类似网易新闻的控件视图，视图全屏显示，容器由三个页面组成，左，中，右，可设置左页面显示宽度，右页面显示宽度，支持左右滑动切换显示，中间页面本身也可能有左右滑动的支持，在中间页面滑动到最左边再继续往左滑动时，显示部分左边页面，部分中间页面，滑动到中间页面最右边继续往右滑动时，显示部分中间页面，部分右边页面。",
  "Icon": "https://deviceone.blob.core.chinacloudapi.cn/store/R/20150617/b6214506-b065-495b-92da-47386ef97c4b.png",
  "IOS": {
    "Support": 0,
    "MinVersion": ""
  },
  "Android": {
    "Support": 0,
    "MinVersion": ""
  },
  "Windows": {
    "Support": 0,
    "MinVersion": ""
  },
  "WindowsPhone": {
    "Support": 0,
    "MinVersion": ""
  },
  "Html": {
    "Support": 1,
    "MinVersion": "5.0"
  },
  "Properties": [
    {
      "ID": "leftpage",
      "Name": "最左边页面",
      "Type": "String",
      "DefaultValue": "",
      "EditType": "0",
      "Group": "",
      "Description": "左边页面jui路径,只支持相对路径",
      "Design": {
        "Type": "Text",
        "Data": []
      }
    },
    {
      "ID": "leftwidth",
      "Name": "左边页面宽度",
      "Type": "Number",
      "DefaultValue": "",
      "EditType": "0",
      "Group": "",
      "Description": "滑动到最左边时，显示左边页面和中间页面，左边页面显示的宽度为该属性值。单位为像素",
      "Design": {
        "Type": "Text",
        "Data": []
      }
    },
    {
      "ID": "middlepage",
      "Name": "中间页面",
      "Type": "String",
      "DefaultValue": "",
      "EditType": "0",
      "Group": "",
      "Description": "中间页面jui路径,只支持相对路径",
      "Design": {
        "Type": "Text",
        "Data": []
      }
    },
    {
      "ID": "rightpage",
      "Name": "最右边页面",
      "Type": "String",
      "DefaultValue": "",
      "EditType": "0",
      "Group": "",
      "Description": "最右边页面jui路径,只支持相对路径",
      "Design": {
        "Type": "Text",
        "Data": []
      }
    },
    {
      "ID": "rightwidth",
      "Name": "右边页面宽度",
      "Type": "Number",
      "DefaultValue": "",
      "EditType": "0",
      "Group": "",
      "Description": "滑动到最右边时，显示右边页面和中间页面，右边页面显示的宽度为该属性值。单位为像素",
      "Design": {
        "Type": "Text",
        "Data": []
      }
    }
  ],
  "Events": [],
  "syncMethodes": [
    {
      "ID": "showLeftPage",
      "Name": "滚动到最左边",
      "Description": "",
      "ReturnType": "",
      "ReturnDesc": "",
      "Paras": []
    },
    {
      "ID": "showRightPage",
      "Name": "滚到到最右边",
      "Description": "",
      "ReturnType": "",
      "ReturnDesc": "",
      "Paras": []
    }
  ],
  "asyncMethodes": []
}